id,plot_id,crop,season,sown_date,harvest_date,expected_yield,actual_yield,status
1,35,chickpea,rabi,2024-11-27 00:00:00,2025-03-16 00:00:00,1495.4,3627.5,H
2,212,jowar,rabi,2025-11-05 00:00:00,2026-04-03 00:00:00,2175.3,1630.1,H
3,314,onion,rabi,2025-10-20 00:00:00,2026-02-11 00:00:00,14708.4,7928.1,F
4,400,sunflower,rabi,2025-11-23 00:00:00,2026-04-13 00:00:00,1154.6,1034.2,H
5,71,maize,kharif,2024-06-14 00:00:00,2024-11-19 00:00:00,6273.5,64490.5,H
6,114,cotton,kharif,2023-06-15 00:00:00,2023-11-27 00:00:00,1863.2,25962.5,H
7,127,jowar,rabi,2023-11-24 00:00:00,2024-03-23 00:00:00,2323.8,5124.9,H
8,275,chickpea,rabi,2025-10-15 00:00:00,2026-02-21 00:00:00,1537.3,1769.7,F
9,266,chickpea,rabi,2026-10-18 00:00:00,,1406.8,,P
10,323,paddy,kharif,2024-07-13 00:00:00,2024-11-19 00:00:00,4544.8,18221.2,H
11,151,onion,kharif,2026-06-15 00:00:00,,16701.3,,P
12,47,chickpea,rabi,2024-10-13 00:00:00,2025-02-16 00:00:00,1325.9,1755.9,F
13,365,cotton,kharif,2023-07-11 00:00:00,2023-12-12 00:00:00,1880.2,14943.6,H
14,376,wheat,rabi,2023-11-21 00:00:00,2024-03-23 00:00:00,2714.3,22790.7,H
15,262,onion,kharif,2025-07-02 00:00:00,2025-12-08 00:00:00,14420.2,34140.5,H
16,442,maize,kharif,2024-06-25 00:00:00,2024-11-27 00:00:00,4759.7,95427.7,H
17,229,sugarcane,kharif,2023-06-07 00:00:00,2023-09-25 00:00:00,80867.9,95583.9,H
18,438,sunflower,rabi,2025-11-08 00:00:00,2026-03-01 00:00:00,1232.0,1345.5,H
19,41,onion,kharif,2024-07-20 00:00:00,2024-12-17 00:00:00,16276.2,10096.7,H
20,76,paddy,rabi,2023-10-28 00:00:00,2024-02-07 00:00:00,4410.4,9664.1,H
21,45,paddy,kharif,2025-06-06 00:00:00,2025-11-06 00:00:00,3928.3,6901.3,H
22,294,chickpea,rabi,2025-11-02 00:00:00,2026-02-15 00:00:00,1512.8,15037.0,H
23,420,wheat,rabi,2025-10-10 00:00:00,2026-02-17 00:00:00,2760.1,14444.5,H
24,270,jowar,rabi,2026-10-20 00:00:00,,2118.7,,P
25,374,chickpea,rabi,2025-11-14 00:00:00,2026-04-01 00:00:00,1546.1,2851.8,H
26,320,groundnut,kharif,2025-07-17 00:00:00,2025-12-20 00:00:00,1663.3,21733.2,H
27,313,cotton,kharif,2024-06-04 00:00:00,2024-09-23 00:00:00,1781.0,11320.1,H
28,107,onion,rabi,2025-10-11 00:00:00,2026-02-10 00:00:00,16290.0,122814.7,H
29,104,sugarcane,kharif,2023-07-10 00:00:00,2023-11-29 00:00:00,79169.9,667029.9,H
30,171,groundnut,summer,2026-02-27 00:00:00,2026-06-03 00:00:00,1453.1,3126.3,H
31,246,sunflower,rabi,2026-10-16 00:00:00,,1245.8,,P
32,443,chickpea,rabi,2025-11-24 00:00:00,2026-03-07 00:00:00,1540.7,4770.7,H
33,162,chickpea,rabi,2024-11-26 00:00:00,2025-04-25 00:00:00,1338.5,587.0,H
34,16,groundnut,summer,2026-02-19 00:00:00,2026-06-08 00:00:00,1449.9,6699.8,H
35,158,groundnut,kharif,2024-07-03 00:00:00,2024-11-21 00:00:00,1781.0,2320.5,H
36,155,cotton,kharif,2024-06-12 00:00:00,2024-11-19 00:00:00,1550.2,3422.1,H
37,260,paddy,rabi,2025-10-07 00:00:00,2026-02-05 00:00:00,4733.8,7194.7,H
38,398,groundnut,kharif,2023-06-07 00:00:00,2023-11-10 00:00:00,1377.5,2869.9,H
39,60,paddy,rabi,2023-10-11 00:00:00,2024-02-17 00:00:00,4690.4,5120.1,H
40,382,sugarcane,kharif,2025-07-21 00:00:00,2025-11-21 00:00:00,73808.6,98156.9,H
41,164,sunflower,rabi,2024-10-06 00:00:00,2025-01-31 00:00:00,1061.2,1326.9,H
42,53,cotton,kharif,2025-07-09 00:00:00,2025-11-05 00:00:00,2039.4,30224.6,H
43,88,wheat,rabi,2025-11-18 00:00:00,2026-03-26 00:00:00,2682.2,488.8,F
44,26,wheat,rabi,2023-10-14 00:00:00,2024-02-16 00:00:00,2801.5,15265.6,H
45,429,sunflower,summer,2024-03-27 00:00:00,2024-07-02 00:00:00,1276.6,10131.2,H
46,387,sunflower,rabi,2023-11-04 00:00:00,2024-03-12 00:00:00,1131.7,15971.3,H
47,241,cotton,kharif,2024-07-12 00:00:00,2024-11-24 00:00:00,1629.0,21671.0,H
48,441,groundnut,summer,2025-02-03 00:00:00,2025-05-29 00:00:00,1414.2,23497.4,H
49,145,groundnut,kharif,2025-06-13 00:00:00,2025-11-22 00:00:00,1702.9,10731.9,H
50,37,sugarcane,kharif,2025-07-08 00:00:00,2025-12-04 00:00:00,72002.4,227420.6,H
51,34,groundnut,kharif,2026-07-26 00:00:00,,1632.3,,P
52,176,chickpea,rabi,2024-10-24 00:00:00,2025-03-18 00:00:00,1431.2,23117.8,H
53,238,groundnut,kharif,2025-06-10 00:00:00,2025-10-23 00:00:00,1393.4,8012.1,H
54,395,jowar,rabi,2025-10-03 00:00:00,2026-01-24 00:00:00,2628.3,2738.6,H
55,326,paddy,kharif,2026-06-15 00:00:00,,3937.3,,P
56,316,onion,rabi,2024-10-22 00:00:00,2025-02-19 00:00:00,15038.7,24329.8,H
57,223,groundnut,kharif,2025-06-20 00:00:00,2025-11-09 00:00:00,1554.0,6544.5,H
58,190,chickpea,rabi,2023-11-04 00:00:00,2024-03-01 00:00:00,1553.6,2819.1,H
59,202,groundnut,summer,2025-03-14 00:00:00,2025-07-11 00:00:00,1461.4,932.8,H
60,285,jowar,rabi,2025-10-10 00:00:00,2026-03-01 00:00:00,2130.4,589.5,F
61,74,sunflower,summer,2024-02-05 00:00:00,2024-05-26 00:00:00,1329.7,15533.8,H
62,218,onion,kharif,2025-07-18 00:00:00,2025-12-27 00:00:00,15760.2,175715.2,H
63,310,paddy,rabi,2026-10-23 00:00:00,,3909.3,,P
64,280,onion,rabi,2023-10-19 00:00:00,2024-02-26 00:00:00,16983.4,7899.6,H
65,354,wheat,rabi,2026-11-15 00:00:00,,2707.8,,P
66,313,wheat,rabi,2025-10-22 00:00:00,2026-03-11 00:00:00,3136.5,18709.6,H
67,176,chickpea,rabi,2025-11-17 00:00:00,2026-03-27 00:00:00,1431.1,20171.1,H
68,409,sugarcane,kharif,2024-06-23 00:00:00,2024-11-18 00:00:00,83836.6,994175.0,H
69,32,sunflower,rabi,2025-10-22 00:00:00,2026-02-17 00:00:00,1311.2,12193.3,H
70,43,maize,kharif,2024-07-05 00:00:00,2024-12-01 00:00:00,5138.6,22668.4,H
71,58,onion,kharif,2025-06-22 00:00:00,2025-11-07 00:00:00,15374.9,39532.5,H
72,121,sunflower,rabi,2025-10-11 00:00:00,2026-01-24 00:00:00,1368.2,3972.2,H
73,429,sunflower,summer,2025-02-22 00:00:00,2025-06-15 00:00:00,1281.4,10416.8,H
74,432,groundnut,kharif,2026-07-25 00:00:00,,1415.7,,P
75,86,sunflower,summer,2025-03-16 00:00:00,2025-07-13 00:00:00,1104.1,1574.9,H
76,135,maize,rabi,2023-11-26 00:00:00,2024-04-02 00:00:00,5305.3,9657.4,H
77,22,wheat,rabi,2025-11-11 00:00:00,,2883.4,,A
78,336,onion,rabi,2025-10-24 00:00:00,2026-03-16 00:00:00,16425.9,81668.7,H
79,354,maize,rabi,2025-10-22 00:00:00,2026-01-30 00:00:00,6047.3,5134.6,F
80,54,sunflower,summer,2024-03-09 00:00:00,2024-06-14 00:00:00,1032.3,4524.9,H
81,305,cotton,kharif,2026-06-03 00:00:00,,1856.5,,P
82,193,onion,kharif,2023-06-09 00:00:00,2023-10-15 00:00:00,15841.4,16389.6,H
83,142,jowar,rabi,2024-10-25 00:00:00,,2239.6,,A
84,199,groundnut,kharif,2024-07-06 00:00:00,2024-11-21 00:00:00,1393.3,17106.3,H
85,202,maize,rabi,2023-10-18 00:00:00,2024-03-15 00:00:00,5386.6,3359.1,H
86,227,sugarcane,kharif,2023-06-03 00:00:00,2023-10-27 00:00:00,83324.6,659823.3,H
87,255,maize,kharif,2023-07-09 00:00:00,2023-11-05 00:00:00,5830.1,8199.6,H
88,264,sunflower,summer,2025-03-28 00:00:00,2025-06-25 00:00:00,1214.4,2696.5,F
89,419,sunflower,rabi,2025-11-11 00:00:00,2026-04-03 00:00:00,1129.0,3911.1,F
90,332,wheat,rabi,2025-11-03 00:00:00,2026-03-12 00:00:00,3342.2,12929.6,H
91,284,paddy,rabi,2026-10-10 00:00:00,,4061.5,,P
92,55,groundnut,summer,2023-03-24 00:00:00,2023-06-29 00:00:00,1427.2,2981.2,H
93,304,cotton,kharif,2025-06-26 00:00:00,2025-11-17 00:00:00,1877.4,3312.7,H
94,416,sunflower,rabi,2023-11-02 00:00:00,2024-03-02 00:00:00,1303.6,150.7,F
95,414,chickpea,rabi,2026-10-24 00:00:00,,1287.9,,P
96,37,paddy,kharif,2025-06-16 00:00:00,2025-11-12 00:00:00,3627.7,9178.1,H
97,89,paddy,rabi,2023-11-20 00:00:00,,4622.5,,A
98,419,wheat,rabi,2025-10-03 00:00:00,2026-01-23 00:00:00,3031.4,53476.0,H
99,348,jowar,rabi,2023-10-11 00:00:00,2024-03-09 00:00:00,2193.5,445.8,F
100,33,wheat,rabi,2024-11-06 00:00:00,2025-03-30 00:00:00,2979.0,1479.8,H
101,298,paddy,kharif,2023-07-25 00:00:00,2023-11-22 00:00:00,3589.7,2363.6,H
102,92,wheat,rabi,2025-11-23 00:00:00,2026-03-11 00:00:00,2826.7,1975.6,H
103,211,cotton,kharif,2025-06-20 00:00:00,2025-10-19 00:00:00,1917.3,5737.6,H
104,424,sugarcane,kharif,2025-06-18 00:00:00,2025-10-21 00:00:00,70790.5,234992.5,H
105,317,groundnut,kharif,2025-06-09 00:00:00,2025-09-30 00:00:00,1453.0,20864.5,H
106,243,sunflower,rabi,2024-10-02 00:00:00,2025-02-20 00:00:00,1151.1,16249.7,H
107,316,sunflower,rabi,2023-10-18 00:00:00,2024-02-06 00:00:00,1076.9,242.2,F
108,37,cotton,kharif,2025-07-14 00:00:00,2025-11-13 00:00:00,1933.4,5235.2,H
109,57,groundnut,kharif,2023-06-24 00:00:00,2023-11-07 00:00:00,1777.5,959.6,H
110,242,onion,rabi,2023-11-05 00:00:00,2024-02-26 00:00:00,18053.9,92862.2,H
111,70,sunflower,rabi,2026-11-09 00:00:00,,1140.9,,P
112,17,onion,kharif,2024-06-04 00:00:00,2024-11-15 00:00:00,15834.6,27214.7,H
113,113,sugarcane,kharif,2026-06-19 00:00:00,,86307.1,,P
114,45,jowar,rabi,2024-11-27 00:00:00,2025-04-05 00:00:00,2241.0,4009.1,H
115,127,cotton,kharif,2025-06-19 00:00:00,2025-10-16 00:00:00,2023.4,4092.1,H
116,23,paddy,rabi,2026-10-14 00:00:00,,4066.8,,P
117,415,wheat,rabi,2025-10-03 00:00:00,2026-02-15 00:00:00,3335.4,13370.9,H
118,112,maize,rabi,2024-10-21 00:00:00,2025-02-03 00:00:00,4701.3,5525.8,H
119,236,onion,kharif,2025-07-25 00:00:00,2025-11-20 00:00:00,17796.2,369432.2,H
120,190,sunflower,rabi,2026-10-13 00:00:00,,1139.8,,P
121,17,sugarcane,kharif,2024-06-26 00:00:00,2024-11-26 00:00:00,68194.4,115796.8,H
122,29,chickpea,rabi,2023-10-13 00:00:00,2024-02-13 00:00:00,1385.4,2029.1,F
123,332,chickpea,rabi,2025-10-05 00:00:00,2026-02-03 00:00:00,1290.2,5914.4,H
124,386,onion,kharif,2026-06-11 00:00:00,,17910.1,,P
125,258,jowar,rabi,2023-10-12 00:00:00,2024-02-11 00:00:00,2365.7,1653.4,H
126,241,chickpea,rabi,2025-11-26 00:00:00,2026-04-18 00:00:00,1587.1,29090.4,H
127,34,cotton,kharif,2023-06-13 00:00:00,2023-10-12 00:00:00,1685.7,21308.1,H
128,142,wheat,rabi,2025-10-28 00:00:00,2026-02-18 00:00:00,3119.2,46636.4,H
129,350,chickpea,rabi,2025-11-14 00:00:00,2026-03-22 00:00:00,1499.8,584.8,F
130,12,cotton,kharif,2025-07-21 00:00:00,2025-12-19 00:00:00,1954.9,7221.3,H
131,272,chickpea,rabi,2025-11-19 00:00:00,2026-03-07 00:00:00,1567.3,15789.7,H
132,117,sunflower,summer,2024-02-05 00:00:00,2024-05-22 00:00:00,1122.4,6272.1,H
133,83,chickpea,rabi,2024-10-27 00:00:00,2025-03-21 00:00:00,1481.0,620.7,H
134,122,wheat,rabi,2024-10-15 00:00:00,2025-02-08 00:00:00,2978.8,53687.9,H
135,341,groundnut,summer,2024-03-15 00:00:00,2024-07-12 00:00:00,1828.2,5935.6,H
136,13,jowar,rabi,2024-11-11 00:00:00,2025-02-28 00:00:00,2043.1,24915.2,H
137,170,sugarcane,kharif,2024-06-26 00:00:00,2024-11-19 00:00:00,83347.9,392740.0,H
138,58,sunflower,rabi,2024-10-10 00:00:00,2025-01-19 00:00:00,1164.6,2507.2,H
139,48,groundnut,kharif,2025-06-19 00:00:00,2025-11-09 00:00:00,1466.6,783.4,H
140,12,wheat,rabi,2026-10-17 00:00:00,,2815.8,,P
141,163,onion,kharif,2026-07-13 00:00:00,,17036.6,,P
142,219,groundnut,summer,2024-02-10 00:00:00,2024-05-27 00:00:00,1528.7,6102.1,H
143,45,cotton,kharif,2026-07-26 00:00:00,,1685.9,,P
144,413,jowar,rabi,2024-10-05 00:00:00,2025-01-26 00:00:00,2258.3,31835.1,H
145,172,wheat,rabi,2023-10-14 00:00:00,2024-03-02 00:00:00,3485.4,3845.9,H
146,364,onion,kharif,2024-06-27 00:00:00,2024-11-08 00:00:00,14989.4,40884.7,H
147,155,onion,rabi,2025-11-08 00:00:00,2026-02-17 00:00:00,17397.9,44189.8,H
148,328,sunflower,rabi,2026-11-14 00:00:00,,1197.1,,P
149,353,cotton,kharif,2023-07-16 00:00:00,2023-11-07 00:00:00,1853.4,2713.1,H
150,224,sugarcane,kharif,2026-06-12 00:00:00,,83451.2,,P
151,9,sugarcane,kharif,2025-06-05 00:00:00,2025-10-13 00:00:00,77088.4,1080291.3,H
152,28,sugarcane,kharif,2025-07-02 00:00:00,2025-11-07 00:00:00,73124.9,68071.1,H
153,100,maize,kharif,2025-06-18 00:00:00,2025-10-26 00:00:00,6114.5,48044.7,H
154,155,sugarcane,kharif,2023-07-27 00:00:00,2023-11-23 00:00:00,66601.8,176935.6,H
155,249,jowar,rabi,2024-10-07 00:00:00,2025-01-24 00:00:00,2402.4,42215.3,H
156,287,onion,kharif,2025-07-03 00:00:00,2025-10-28 00:00:00,17530.5,225109.3,H
157,160,groundnut,kharif,2025-07-06 00:00:00,2025-12-08 00:00:00,1506.2,20657.6,H
158,66,maize,kharif,2024-06-07 00:00:00,2024-10-03 00:00:00,6293.8,82028.7,H
159,58,wheat,rabi,2025-11-02 00:00:00,2026-02-22 00:00:00,2735.3,6118.2,H
160,31,sunflower,rabi,2024-10-03 00:00:00,2025-01-30 00:00:00,1260.3,2116.4,H
161,309,cotton,kharif,2024-07-01 00:00:00,2024-10-24 00:00:00,1608.6,20036.6,H
162,297,groundnut,summer,2024-02-17 00:00:00,2024-05-16 00:00:00,1407.6,9845.4,H
163,112,cotton,kharif,2024-06-24 00:00:00,2024-10-18 00:00:00,2029.1,3521.0,H
164,244,groundnut,kharif,2025-06-06 00:00:00,2025-11-16 00:00:00,1530.3,18214.7,H
165,117,jowar,rabi,2024-10-15 00:00:00,2025-01-30 00:00:00,2414.2,11667.5,H
166,148,chickpea,rabi,2023-11-16 00:00:00,2024-03-02 00:00:00,1351.6,2111.9,H
167,352,sunflower,rabi,2025-11-10 00:00:00,,1088.0,,A
168,431,sunflower,summer,2024-02-22 00:00:00,2024-06-17 00:00:00,1262.0,3310.1,H
169,347,wheat,rabi,2024-11-13 00:00:00,2025-04-06 00:00:00,3184.2,64106.0,H
170,87,wheat,rabi,2024-11-07 00:00:00,2025-03-25 00:00:00,3419.9,8754.0,H
171,218,sunflower,summer,2026-03-25 00:00:00,2026-07-13 00:00:00,1148.2,19451.2,H
172,249,chickpea,rabi,2024-11-04 00:00:00,2025-02-19 00:00:00,1295.3,20937.3,H
173,69,paddy,kharif,2026-06-27 00:00:00,,4197.6,,P
174,14,maize,rabi,2025-11-05 00:00:00,,5701.2,,A
175,40,chickpea,rabi,2025-10-10 00:00:00,2026-03-01 00:00:00,1399.1,19866.7,H
176,415,chickpea,rabi,2023-11-04 00:00:00,2024-03-07 00:00:00,1379.0,5645.5,H
177,19,paddy,kharif,2025-07-23 00:00:00,2025-11-20 00:00:00,4189.3,5728.4,H
178,250,wheat,rabi,2026-11-16 00:00:00,,3429.5,,P
179,260,paddy,rabi,2024-11-19 00:00:00,2025-03-23 00:00:00,4347.3,8265.7,H
180,165,paddy,kharif,2025-06-05 00:00:00,2025-11-15 00:00:00,4031.7,68764.6,H
181,392,groundnut,summer,2023-03-12 00:00:00,2023-06-27 00:00:00,1557.7,1878.5,F
182,121,sugarcane,kharif,2026-06-28 00:00:00,,68978.6,,P
183,87,paddy,rabi,2023-11-22 00:00:00,2024-03-28 00:00:00,4285.7,11214.0,H
184,357,sunflower,rabi,2024-11-19 00:00:00,,1136.1,,A
185,251,wheat,rabi,2024-11-17 00:00:00,2025-04-14 00:00:00,3255.7,15318.0,H
186,224,cotton,kharif,2026-06-27 00:00:00,,1819.4,,P
187,148,sugarcane,kharif,2024-07-26 00:00:00,2024-11-27 00:00:00,80915.0,125276.2,H
188,297,wheat,rabi,2024-10-19 00:00:00,2025-03-01 00:00:00,3077.0,34465.7,H
189,334,sugarcane,kharif,2025-07-07 00:00:00,2025-11-20 00:00:00,75713.8,45713.0,H
190,391,chickpea,rabi,2023-10-19 00:00:00,2024-02-27 00:00:00,1279.4,1017.1,H
191,240,sugarcane,kharif,2025-06-17 00:00:00,2025-10-17 00:00:00,74824.0,346627.0,H
192,351,sugarcane,kharif,2025-07-28 00:00:00,2026-01-07 00:00:00,87620.6,1656806.1,H
193,137,sugarcane,kharif,2024-06-13 00:00:00,2024-10-16 00:00:00,68957.3,295664.3,H
194,424,sugarcane,kharif,2025-07-14 00:00:00,2025-12-12 00:00:00,87492.3,200053.2,H
195,15,sugarcane,kharif,2026-06-21 00:00:00,,67288.2,,P
196,370,sunflower,rabi,2023-10-11 00:00:00,,1127.3,,A
197,209,groundnut,kharif,2025-06-08 00:00:00,2025-10-03 00:00:00,1634.1,4594.4,H
198,341,onion,rabi,2025-10-08 00:00:00,2026-02-23 00:00:00,14186.9,52862.2,H
199,300,jowar,rabi,2025-10-05 00:00:00,2026-01-19 00:00:00,2166.1,24484.4,H
200,131,onion,kharif,2025-07-23 00:00:00,2025-11-17 00:00:00,15119.2,28499.5,H
201,143,maize,rabi,2025-11-27 00:00:00,2026-03-26 00:00:00,4709.8,3991.1,H
202,431,paddy,kharif,2024-07-10 00:00:00,2024-12-07 00:00:00,4777.7,14538.0,H
203,63,chickpea,rabi,2025-11-01 00:00:00,2026-03-06 00:00:00,1579.6,1445.6,H
204,422,cotton,kharif,2024-06-15 00:00:00,2024-11-12 00:00:00,1701.3,735.6,H
205,405,paddy,rabi,2023-11-16 00:00:00,2024-04-11 00:00:00,4090.3,6974.1,H
206,449,wheat,rabi,2026-11-17 00:00:00,,2962.2,,P
207,309,chickpea,rabi,2025-10-25 00:00:00,2026-02-05 00:00:00,1459.4,20109.1,H
208,329,maize,kharif,2025-06-21 00:00:00,,5192.6,,A
209,81,cotton,kharif,2025-07-26 00:00:00,2025-12-03 00:00:00,1773.8,6513.1,H
210,89,onion,rabi,2024-10-03 00:00:00,2025-02-06 00:00:00,15364.5,18315.5,H
211,428,onion,kharif,2023-06-18 00:00:00,2023-11-16 00:00:00,16537.6,13876.9,H
212,237,cotton,kharif,2026-06-02 00:00:00,,1863.7,,P
213,308,sugarcane,kharif,2023-07-06 00:00:00,2023-11-29 00:00:00,69046.0,39257.9,H
214,233,sunflower,rabi,2024-10-07 00:00:00,2025-03-06 00:00:00,1115.8,2115.5,H
215,221,cotton,kharif,2024-06-14 00:00:00,2024-10-13 00:00:00,1750.6,8450.7,H
216,135,cotton,kharif,2024-07-19 00:00:00,,1879.5,,A
217,241,maize,rabi,2026-11-22 00:00:00,,5852.0,,P
218,363,jowar,rabi,2023-10-18 00:00:00,2024-01-29 00:00:00,2077.5,3678.6,H
219,182,onion,kharif,2023-07-17 00:00:00,2023-12-13 00:00:00,15428.5,232318.6,H
220,68,chickpea,rabi,2025-10-09 00:00:00,2026-01-27 00:00:00,1401.6,21957.9,H
221,68,wheat,rabi,2026-11-05 00:00:00,,2743.7,,P
222,23,maize,rabi,2024-11-14 00:00:00,2025-03-12 00:00:00,6164.6,85073.0,H
223,136,chickpea,rabi,2025-10-11 00:00:00,2026-03-07 00:00:00,1607.7,5123.2,H
224,437,sunflower,rabi,2024-10-02 00:00:00,2025-01-24 00:00:00,1085.9,3948.3,H
225,240,jowar,rabi,2025-10-15 00:00:00,2026-02-14 00:00:00,2751.9,15476.0,H
226,58,maize,kharif,2024-06-07 00:00:00,2024-11-19 00:00:00,5143.8,13017.5,H
227,422,sugarcane,kharif,2025-06-17 00:00:00,2025-11-23 00:00:00,79656.4,24312.0,H
228,394,sunflower,rabi,2024-10-10 00:00:00,2025-03-02 00:00:00,1373.3,1786.5,H
229,55,groundnut,kharif,2023-06-15 00:00:00,2023-11-25 00:00:00,1699.7,3388.7,H
230,138,onion,kharif,2024-06-21 00:00:00,2024-11-17 00:00:00,18164.3,110600.5,H
231,376,onion,kharif,2024-06-26 00:00:00,2024-11-24 00:00:00,14958.2,126653.1,H
232,281,onion,rabi,2023-11-09 00:00:00,2024-02-28 00:00:00,14752.4,68751.6,H
233,11,cotton,kharif,2025-07-10 00:00:00,2025-12-08 00:00:00,1936.4,2836.5,H
234,252,jowar,rabi,2026-10-12 00:00:00,,2109.2,,P
235,189,chickpea,rabi,2025-11-13 00:00:00,2026-03-23 00:00:00,1302.8,833.2,H
236,217,groundnut,kharif,2025-07-03 00:00:00,2025-10-23 00:00:00,1606.4,1200.3,H
237,332,maize,rabi,2025-10-10 00:00:00,2026-02-16 00:00:00,5396.6,24726.3,H
238,77,maize,rabi,2024-11-10 00:00:00,,4753.8,,A
239,24,chickpea,rabi,2025-11-14 00:00:00,2026-02-28 00:00:00,1385.2,8237.0,H
240,182,sugarcane,kharif,2025-06-04 00:00:00,2025-11-08 00:00:00,81780.9,923697.5,H
241,202,paddy,kharif,2025-07-11 00:00:00,2025-12-05 00:00:00,4482.4,3485.4,H
242,414,sugarcane,kharif,2024-06-06 00:00:00,2024-09-29 00:00:00,83780.5,138665.4,H
243,55,jowar,rabi,2023-11-04 00:00:00,2024-02-12 00:00:00,2163.6,4456.6,H
244,445,onion,rabi,2024-11-23 00:00:00,2025-04-15 00:00:00,18223.1,127565.0,H
245,45,maize,kharif,2023-06-04 00:00:00,2023-11-13 00:00:00,4701.2,8921.3,H
246,108,sunflower,rabi,2026-10-14 00:00:00,,1328.9,,P
247,276,cotton,kharif,2024-07-05 00:00:00,2024-11-22 00:00:00,1757.8,28431.8,H
248,379,sunflower,summer,2025-02-28 00:00:00,2025-06-21 00:00:00,1230.7,1764.4,H
249,427,jowar,rabi,2024-10-04 00:00:00,2025-02-21 00:00:00,2650.3,2222.1,H
250,254,onion,rabi,2023-11-13 00:00:00,2024-03-23 00:00:00,16064.1,13386.5,H
251,419,sunflower,rabi,2026-10-17 00:00:00,,1171.9,,P
252,162,chickpea,rabi,2024-11-16 00:00:00,2025-03-03 00:00:00,1397.8,638.9,H
253,358,jowar,rabi,2024-11-24 00:00:00,2025-03-16 00:00:00,2377.9,10149.3,H
254,301,groundnut,summer,2024-03-24 00:00:00,2024-07-11 00:00:00,1820.7,3694.8,H
255,377,groundnut,summer,2024-02-10 00:00:00,2024-05-10 00:00:00,1680.2,3773.1,H
256,311,sunflower,rabi,2025-11-10 00:00:00,2026-03-05 00:00:00,1095.4,977.5,F
257,134,groundnut,kharif,2024-06-26 00:00:00,2024-10-18 00:00:00,1522.1,2281.8,H
258,288,cotton,kharif,2024-07-26 00:00:00,2024-12-05 00:00:00,1945.5,4115.6,H
259,78,chickpea,rabi,2026-10-15 00:00:00,,1594.3,,P
260,387,wheat,rabi,2025-10-27 00:00:00,2026-03-11 00:00:00,2674.0,35225.9,H
261,446,cotton,kharif,2024-07-23 00:00:00,2024-12-08 00:00:00,1941.5,4969.9,H
262,79,groundnut,summer,2024-02-28 00:00:00,2024-06-04 00:00:00,1570.8,1915.9,H
263,126,sunflower,summer,2024-02-03 00:00:00,2024-05-15 00:00:00,1154.1,12704.6,H
264,341,cotton,kharif,2025-07-26 00:00:00,2025-11-27 00:00:00,1604.5,8158.0,H
265,235,chickpea,rabi,2023-11-05 00:00:00,2024-04-02 00:00:00,1194.2,23958.6,H
266,44,groundnut,summer,2025-02-14 00:00:00,2025-05-13 00:00:00,1548.8,3577.5,F
267,78,onion,kharif,2026-07-14 00:00:00,,17851.8,,P
268,359,chickpea,rabi,2026-11-12 00:00:00,,1537.3,,P
269,271,onion,kharif,2026-07-15 00:00:00,,14584.6,,P
270,279,onion,rabi,2026-11-26 00:00:00,,16714.0,,P
271,398,cotton,kharif,2023-06-18 00:00:00,2023-10-27 00:00:00,1740.6,3651.8,H
272,267,chickpea,rabi,2024-10-17 00:00:00,2025-03-01 00:00:00,1321.1,23241.2,H
273,12,paddy,rabi,2024-11-24 00:00:00,2025-03-31 00:00:00,4813.6,12260.6,H
274,191,sugarcane,kharif,2023-06-25 00:00:00,2023-11-23 00:00:00,88327.4,153490.2,H
275,3,sunflower,summer,2024-02-12 00:00:00,2024-05-26 00:00:00,1122.4,3835.2,H
276,345,maize,rabi,2025-10-04 00:00:00,2026-02-01 00:00:00,5527.1,23576.4,H
277,233,wheat,rabi,2026-11-27 00:00:00,,2711.2,,P
278,32,jowar,rabi,2025-10-15 00:00:00,2026-01-27 00:00:00,2305.9,25553.6,H
279,266,jowar,rabi,2025-11-21 00:00:00,2026-03-28 00:00:00,2757.5,24970.9,H
280,375,jowar,rabi,2024-10-16 00:00:00,2025-03-10 00:00:00,2369.6,9071.0,H
281,271,wheat,rabi,2025-11-02 00:00:00,2026-03-29 00:00:00,2780.9,4159.5,H
282,61,onion,rabi,2023-10-12 00:00:00,2024-02-25 00:00:00,14990.0,208998.0,H
283,157,groundnut,summer,2024-03-01 00:00:00,2024-06-03 00:00:00,1428.2,16755.3,H
284,157,sugarcane,kharif,2024-07-01 00:00:00,,79112.4,,A
285,23,jowar,rabi,2025-11-19 00:00:00,2026-03-27 00:00:00,2688.2,30883.1,H
286,369,onion,kharif,2024-07-25 00:00:00,2024-12-10 00:00:00,16802.7,26146.6,H
287,46,onion,rabi,2025-10-13 00:00:00,2026-02-11 00:00:00,16196.8,78543.6,H
288,377,sugarcane,kharif,2024-06-19 00:00:00,2024-11-16 00:00:00,84930.1,237150.2,H
289,64,chickpea,rabi,2024-10-19 00:00:00,2025-03-01 00:00:00,1269.5,1970.6,H
290,62,chickpea,rabi,2023-11-26 00:00:00,2024-03-18 00:00:00,1293.0,10952.9,H
291,228,wheat,rabi,2025-10-16 00:00:00,2026-01-25 00:00:00,2951.2,6493.9,H
292,271,groundnut,summer,2024-02-04 00:00:00,2024-05-05 00:00:00,1620.1,1612.0,H
293,394,wheat,rabi,2024-11-22 00:00:00,2025-03-12 00:00:00,2689.8,3094.0,H
294,366,paddy,rabi,2025-10-11 00:00:00,2026-01-28 00:00:00,4090.2,32989.9,H
295,424,wheat,rabi,2024-10-25 00:00:00,2025-03-12 00:00:00,3180.0,9509.2,H
296,198,wheat,rabi,2023-11-15 00:00:00,2024-03-29 00:00:00,3013.6,4314.8,H
297,120,paddy,rabi,2025-10-08 00:00:00,2026-03-05 00:00:00,4268.9,5816.8,H
298,209,sunflower,rabi,2026-10-26 00:00:00,,1154.4,,P
299,87,cotton,kharif,2025-07-02 00:00:00,2025-10-20 00:00:00,1968.8,6326.7,H
300,335,maize,kharif,2023-07-09 00:00:00,2023-12-04 00:00:00,5089.0,114802.3,H
301,432,cotton,kharif,2023-06-24 00:00:00,2023-11-15 00:00:00,1834.1,932.3,H
302,63,maize,rabi,2025-10-20 00:00:00,2026-03-01 00:00:00,6254.7,7099.3,H
303,176,sugarcane,kharif,2024-06-22 00:00:00,2024-10-30 00:00:00,74294.1,1204751.4,H
304,9,maize,kharif,2025-07-01 00:00:00,2025-10-19 00:00:00,5785.0,107607.7,H
305,361,sunflower,summer,2025-02-26 00:00:00,2025-05-26 00:00:00,1213.9,3286.1,H
306,228,wheat,rabi,2025-11-13 00:00:00,2026-03-04 00:00:00,3415.4,13022.2,H
307,64,sunflower,summer,2024-03-01 00:00:00,2024-06-08 00:00:00,1287.5,1800.5,H
308,364,groundnut,kharif,2023-07-26 00:00:00,2023-12-28 00:00:00,1466.2,4273.2,H
309,19,sugarcane,kharif,2026-06-01 00:00:00,,89331.8,,P
310,327,jowar,rabi,2024-11-06 00:00:00,2025-03-21 00:00:00,2179.5,15484.9,H
311,309,onion,kharif,2023-06-24 00:00:00,2023-10-16 00:00:00,14211.7,242490.6,H
312,268,sugarcane,kharif,2026-06-23 00:00:00,,78770.8,,P
313,130,chickpea,rabi,2023-11-21 00:00:00,2024-04-12 00:00:00,1586.1,2006.2,F
314,222,jowar,rabi,2023-11-16 00:00:00,2024-03-18 00:00:00,2412.4,5079.6,F
315,25,sugarcane,kharif,2025-07-11 00:00:00,2025-10-29 00:00:00,75469.5,1043482.7,H
316,414,paddy,kharif,2026-07-03 00:00:00,,3818.1,,P
317,169,sugarcane,kharif,2026-06-01 00:00:00,,76407.6,,P
318,13,onion,rabi,2024-10-04 00:00:00,2025-02-11 00:00:00,14744.1,106557.8,H
319,171,chickpea,rabi,2023-11-25 00:00:00,2024-03-10 00:00:00,1452.6,1940.9,H
320,32,paddy,rabi,2024-10-26 00:00:00,2025-02-11 00:00:00,3648.1,28919.2,H
321,313,jowar,rabi,2023-10-18 00:00:00,2024-01-29 00:00:00,2252.3,9775.6,H
322,386,jowar,rabi,2025-10-15 00:00:00,2026-02-16 00:00:00,2374.2,44041.4,H
323,52,groundnut,kharif,2025-07-19 00:00:00,2025-11-18 00:00:00,1411.8,1670.1,F
324,304,cotton,kharif,2026-07-12 00:00:00,,1790.0,,P
325,318,sunflower,rabi,2024-10-26 00:00:00,2025-02-05 00:00:00,1041.8,15497.5,H
326,334,groundnut,summer,2025-02-05 00:00:00,2025-05-31 00:00:00,1508.2,866.4,H
327,5,chickpea,rabi,2023-10-17 00:00:00,2024-02-29 00:00:00,1550.7,22945.7,H
328,103,cotton,kharif,2024-06-22 00:00:00,2024-11-09 00:00:00,1905.2,1770.2,H
329,170,onion,rabi,2025-11-14 00:00:00,2026-03-15 00:00:00,14378.9,86545.0,H
330,22,sunflower,rabi,2023-10-23 00:00:00,2024-02-14 00:00:00,1188.0,6898.4,H
331,394,groundnut,summer,2024-03-06 00:00:00,,1534.2,,A
332,16,chickpea,rabi,2024-11-15 00:00:00,2025-03-07 00:00:00,1455.2,5350.7,H
333,16,cotton,kharif,2024-06-08 00:00:00,2024-10-12 00:00:00,1918.2,7887.2,H
334,92,cotton,kharif,2024-07-04 00:00:00,2024-10-23 00:00:00,1979.0,1483.9,H
335,57,groundnut,kharif,2024-07-08 00:00:00,2024-11-18 00:00:00,1748.6,1395.6,H
336,410,onion,rabi,2026-10-04 00:00:00,,17837.1,,P
337,67,cotton,kharif,2025-07-23 00:00:00,2025-12-03 00:00:00,1701.7,1410.2,H
338,24,onion,kharif,2025-07-26 00:00:00,2025-11-22 00:00:00,15172.9,16055.3,F
339,447,maize,rabi,2024-10-26 00:00:00,2025-03-05 00:00:00,5980.1,51535.0,H
340,199,chickpea,rabi,2025-11-06 00:00:00,2026-03-06 00:00:00,1489.2,21760.2,H
341,254,sunflower,summer,2025-03-21 00:00:00,2025-06-16 00:00:00,1094.6,713.7,H
342,121,jowar,rabi,2024-11-13 00:00:00,2025-03-29 00:00:00,2153.2,4568.7,H
343,44,maize,kharif,2024-07-17 00:00:00,2024-11-26 00:00:00,5054.8,7590.6,F
344,173,jowar,rabi,2025-11-14 00:00:00,2026-03-17 00:00:00,2619.2,9982.4,H
345,92,sunflower,rabi,2024-10-12 00:00:00,2025-01-25 00:00:00,1126.0,797.2,H
346,41,sugarcane,kharif,2023-06-03 00:00:00,2023-10-14 00:00:00,67195.8,46298.0,H
347,169,sugarcane,kharif,2026-07-07 00:00:00,,80434.4,,P
348,71,chickpea,rabi,2023-11-10 00:00:00,2024-03-11 00:00:00,1518.9,11812.1,H
349,297,paddy,rabi,2026-10-28 00:00:00,,3856.7,,P
350,371,cotton,kharif,2024-07-24 00:00:00,2025-01-02 00:00:00,1779.2,2086.8,H
351,97,jowar,rabi,2024-11-15 00:00:00,2025-03-30 00:00:00,2061.7,3640.1,H
352,157,paddy,rabi,2026-11-11 00:00:00,,4098.1,,P
353,352,jowar,rabi,2024-10-19 00:00:00,2025-03-18 00:00:00,2063.2,21805.8,H
354,170,onion,rabi,2025-10-13 00:00:00,2026-01-25 00:00:00,16165.6,65385.6,H
355,292,sunflower,summer,2023-02-04 00:00:00,2023-06-04 00:00:00,1083.9,2247.4,H
356,14,maize,kharif,2023-07-10 00:00:00,2023-11-10 00:00:00,5059.5,51816.6,H
357,30,groundnut,kharif,2024-07-28 00:00:00,2024-12-11 00:00:00,1547.7,15941.5,H
358,215,sunflower,rabi,2025-10-05 00:00:00,2026-01-26 00:00:00,1131.5,1853.9,H
359,82,onion,rabi,2025-10-17 00:00:00,2026-03-11 00:00:00,16887.2,145038.0,H
360,74,sunflower,rabi,2025-10-17 00:00:00,2026-02-15 00:00:00,1347.7,13875.0,H
361,295,paddy,kharif,2024-07-12 00:00:00,2024-12-13 00:00:00,4631.7,9394.3,H
362,422,maize,rabi,2024-10-20 00:00:00,2025-03-15 00:00:00,5387.9,2347.2,H
363,358,onion,kharif,2025-06-08 00:00:00,2025-11-20 00:00:00,14358.1,62311.5,H
364,342,wheat,rabi,2025-11-25 00:00:00,2026-04-09 00:00:00,2747.7,2544.0,H
365,259,groundnut,summer,2025-02-09 00:00:00,2025-05-18 00:00:00,1602.9,2390.8,H
366,356,sunflower,summer,2024-03-28 00:00:00,2024-07-03 00:00:00,1162.8,687.0,F
367,70,groundnut,summer,2025-03-03 00:00:00,2025-06-01 00:00:00,1623.2,35910.1,H
368,72,sunflower,summer,2024-02-27 00:00:00,2024-05-23 00:00:00,1238.5,16603.5,H
369,380,jowar,rabi,2023-10-22 00:00:00,2024-02-16 00:00:00,2150.5,8757.0,H
370,18,chickpea,rabi,2025-10-27 00:00:00,2026-03-16 00:00:00,1530.8,16734.1,H
371,53,jowar,rabi,2025-10-20 00:00:00,2026-01-28 00:00:00,2075.0,24595.4,H
372,128,groundnut,kharif,2024-06-01 00:00:00,2024-10-15 00:00:00,1373.4,1126.2,F
373,349,wheat,rabi,2023-10-24 00:00:00,2024-02-11 00:00:00,2675.9,24372.2,H
374,166,chickpea,rabi,2025-10-18 00:00:00,2026-02-20 00:00:00,1584.3,21166.1,H
375,183,groundnut,kharif,2023-07-21 00:00:00,2023-11-28 00:00:00,1365.8,829.2,H
376,337,sugarcane,kharif,2023-06-07 00:00:00,2023-10-21 00:00:00,73355.9,854657.0,H
377,53,chickpea,rabi,2024-10-20 00:00:00,2025-02-17 00:00:00,1602.2,25070.7,H
378,395,maize,rabi,2024-11-28 00:00:00,2025-04-19 00:00:00,5470.5,4932.5,H
379,300,sunflower,summer,2025-02-17 00:00:00,2025-05-13 00:00:00,1103.7,15782.6,H
380,159,cotton,kharif,2024-06-02 00:00:00,2024-09-28 00:00:00,1732.2,20775.2,H
381,105,paddy,kharif,2026-07-24 00:00:00,,3739.2,,P
382,163,paddy,rabi,2026-11-25 00:00:00,,3858.6,,P
383,376,groundnut,summer,2024-02-18 00:00:00,2024-05-16 00:00:00,1795.2,11489.4,H
384,352,cotton,kharif,2025-07-06 00:00:00,,1870.1,,A
385,252,wheat,rabi,2023-10-07 00:00:00,2024-01-23 00:00:00,2720.3,19284.7,H
386,105,cotton,kharif,2025-07-10 00:00:00,2025-11-07 00:00:00,1919.7,2672.2,H
387,128,sugarcane,kharif,2025-07-21 00:00:00,2025-11-20 00:00:00,72661.5,212841.4,H
388,185,jowar,rabi,2024-11-15 00:00:00,2025-03-22 00:00:00,2403.8,9419.5,H
389,420,sunflower,rabi,2025-11-28 00:00:00,2026-03-13 00:00:00,1293.2,8159.2,H
390,79,chickpea,rabi,2024-11-15 00:00:00,2025-03-14 00:00:00,1380.5,1550.2,H
391,37,groundnut,kharif,2026-07-07 00:00:00,,1799.7,,P
392,3,paddy,rabi,2025-11-14 00:00:00,2026-03-19 00:00:00,4792.8,14532.5,H
393,329,onion,kharif,2025-06-04 00:00:00,2025-10-16 00:00:00,18074.2,110728.5,H
394,131,groundnut,summer,2026-03-23 00:00:00,2026-06-19 00:00:00,1672.4,3237.2,H
395,125,sunflower,rabi,2024-10-23 00:00:00,2025-03-14 00:00:00,1252.3,757.1,H
396,349,maize,rabi,2024-10-01 00:00:00,2025-01-16 00:00:00,5947.1,56776.6,H
397,204,onion,kharif,2025-06-14 00:00:00,2025-10-12 00:00:00,17582.8,25954.7,H
398,273,jowar,rabi,2026-11-25 00:00:00,,2666.0,,P
399,56,onion,rabi,2024-11-24 00:00:00,2025-03-17 00:00:00,18064.1,20153.6,H
400,87,sunflower,rabi,2023-10-25 00:00:00,2024-03-17 00:00:00,1170.4,3105.3,H
401,221,maize,kharif,2024-06-23 00:00:00,2024-10-19 00:00:00,5001.7,34230.6,H
402,231,onion,kharif,2024-06-02 00:00:00,2024-11-06 00:00:00,14477.1,18789.2,H
403,447,jowar,rabi,2026-10-28 00:00:00,,2159.6,,P
404,151,wheat,rabi,2023-11-03 00:00:00,2024-03-03 00:00:00,2662.6,14232.4,H
405,390,wheat,rabi,2023-11-25 00:00:00,2024-03-04 00:00:00,3253.7,4934.6,H
406,109,chickpea,rabi,2025-11-16 00:00:00,2026-03-26 00:00:00,1507.9,16424.9,H
407,350,groundnut,summer,2024-03-22 00:00:00,2024-07-10 00:00:00,1541.6,829.6,F
408,170,wheat,rabi,2025-11-24 00:00:00,2026-03-12 00:00:00,2658.9,14009.3,H
409,359,cotton,kharif,2025-07-17 00:00:00,2025-11-30 00:00:00,1886.5,271.4,F
410,417,groundnut,kharif,2026-07-28 00:00:00,,1825.4,,P
411,377,groundnut,summer,2024-03-13 00:00:00,2024-06-11 00:00:00,1527.2,5142.9,H
412,244,wheat,rabi,2024-10-23 00:00:00,2025-02-09 00:00:00,3444.0,56586.4,H
413,367,chickpea,rabi,2024-11-26 00:00:00,2025-03-11 00:00:00,1316.6,5626.6,H
414,448,sunflower,rabi,2025-10-16 00:00:00,2026-03-07 00:00:00,1214.6,5823.8,H
415,338,wheat,rabi,2025-10-06 00:00:00,2026-02-03 00:00:00,3474.5,24703.5,H
416,132,sunflower,rabi,2026-10-18 00:00:00,,1281.1,,P
417,47,groundnut,kharif,2025-06-21 00:00:00,2025-10-30 00:00:00,1541.0,16417.3,H
418,196,chickpea,rabi,2024-10-09 00:00:00,2025-01-24 00:00:00,1312.2,6093.5,H
419,304,cotton,kharif,2025-07-05 00:00:00,2025-12-16 00:00:00,1699.2,2694.5,H
420,160,paddy,kharif,2025-07-11 00:00:00,2025-12-17 00:00:00,4029.9,81953.6,H
421,267,onion,kharif,2023-07-01 00:00:00,2023-11-22 00:00:00,17691.3,340462.9,H
422,152,cotton,kharif,2026-07-05 00:00:00,,1683.0,,P
423,383,paddy,rabi,2024-10-09 00:00:00,2025-03-03 00:00:00,4293.2,1588.3,H
424,150,jowar,rabi,2024-10-27 00:00:00,2025-03-21 00:00:00,2191.6,18033.8,H
425,359,paddy,kharif,2025-07-10 00:00:00,2025-12-19 00:00:00,4400.7,4544.8,H
426,281,jowar,rabi,2025-11-12 00:00:00,,2321.8,,A
427,373,sugarcane,kharif,2026-06-23 00:00:00,,79123.4,,P
428,50,maize,rabi,2025-10-28 00:00:00,2026-03-22 00:00:00,5176.7,19549.4,H
429,227,sunflower,summer,2024-02-07 00:00:00,2024-05-14 00:00:00,1284.7,2718.3,F
430,295,wheat,rabi,2025-11-22 00:00:00,,3496.2,,A
431,243,maize,kharif,2023-07-19 00:00:00,2023-12-03 00:00:00,6275.0,97377.2,H
432,18,wheat,rabi,2025-11-10 00:00:00,2026-04-03 00:00:00,3189.4,35366.6,H
433,398,wheat,rabi,2026-11-09 00:00:00,,3242.5,,P
434,189,paddy,kharif,2023-06-04 00:00:00,2023-10-23 00:00:00,4378.2,3074.2,H
435,301,onion,rabi,2024-10-26 00:00:00,2025-03-12 00:00:00,14469.3,28935.7,H
436,223,sugarcane,kharif,2023-07-03 00:00:00,2023-12-05 00:00:00,87567.8,343269.5,H
437,417,paddy,rabi,2025-11-03 00:00:00,2026-03-16 00:00:00,4624.8,6813.2,H
438,334,wheat,rabi,2026-10-06 00:00:00,,3281.6,,P
439,3,chickpea,rabi,2024-10-02 00:00:00,2025-01-18 00:00:00,1431.5,3358.3,H
440,132,paddy,kharif,2023-07-12 00:00:00,2023-12-03 00:00:00,3786.2,5687.7,H
441,128,sugarcane,kharif,2025-07-22 00:00:00,2025-12-13 00:00:00,76711.1,325903.6,H
442,268,groundnut,kharif,2026-06-22 00:00:00,,1381.5,,P
443,19,cotton,kharif,2024-06-05 00:00:00,2024-10-31 00:00:00,1828.1,1952.3,H
444,374,onion,rabi,2023-11-09 00:00:00,2024-03-12 00:00:00,16718.9,28864.4,H
445,131,jowar,rabi,2025-10-03 00:00:00,2026-02-20 00:00:00,2567.5,4874.3,H
446,99,groundnut,kharif,2025-06-11 00:00:00,2025-11-18 00:00:00,1568.1,677.3,F
447,40,sugarcane,kharif,2025-06-22 00:00:00,2025-11-14 00:00:00,75818.7,809552.7,H
448,171,sugarcane,kharif,2024-07-01 00:00:00,2024-10-25 00:00:00,75125.4,121833.8,H
449,54,wheat,rabi,2025-11-19 00:00:00,2026-03-30 00:00:00,2723.9,16522.0,H
450,145,chickpea,rabi,2025-10-02 00:00:00,2026-01-20 00:00:00,1323.6,6641.0,H
451,413,chickpea,rabi,2025-10-09 00:00:00,2026-01-17 00:00:00,1478.4,22363.0,H
452,74,jowar,rabi,2023-11-23 00:00:00,2024-04-20 00:00:00,2219.4,26076.6,H
453,94,sunflower,summer,2025-03-09 00:00:00,2025-06-29 00:00:00,1207.4,21946.2,H
454,118,sugarcane,kharif,2024-07-25 00:00:00,2024-12-02 00:00:00,86078.7,218036.3,H
455,123,wheat,rabi,2025-10-03 00:00:00,2026-02-27 00:00:00,2900.8,10035.0,H
456,6,jowar,rabi,2025-11-17 00:00:00,2026-04-09 00:00:00,2758.5,44553.2,H
457,208,paddy,kharif,2026-06-23 00:00:00,,4455.3,,P
458,384,groundnut,kharif,2026-06-20 00:00:00,,1823.0,,P
459,346,chickpea,rabi,2024-10-12 00:00:00,2025-01-28 00:00:00,1405.7,3644.6,H
460,195,maize,rabi,2023-11-22 00:00:00,2024-03-16 00:00:00,6047.3,18292.7,H
461,149,sugarcane,kharif,2024-07-07 00:00:00,2024-10-25 00:00:00,83569.8,1057320.4,H
462,157,chickpea,rabi,2025-11-02 00:00:00,2026-03-04 00:00:00,1192.5,16608.1,H
463,55,paddy,rabi,2026-10-13 00:00:00,,3581.2,,P
464,221,sunflower,rabi,2023-10-14 00:00:00,2024-01-29 00:00:00,1348.7,1504.2,F
465,129,cotton,kharif,2025-07-10 00:00:00,2025-11-20 00:00:00,1761.3,37007.0,H
466,56,sunflower,summer,2024-02-12 00:00:00,2024-06-03 00:00:00,1022.1,1427.3,H
467,57,cotton,kharif,2023-06-13 00:00:00,2023-10-27 00:00:00,1931.7,1001.1,H
468,102,sunflower,summer,2023-03-16 00:00:00,2023-07-14 00:00:00,1198.4,635.4,H
469,385,jowar,rabi,2024-10-04 00:00:00,2025-03-03 00:00:00,2055.2,9556.7,H
470,393,cotton,kharif,2026-07-14 00:00:00,,1928.2,,P
471,223,sunflower,summer,2024-03-03 00:00:00,2024-06-23 00:00:00,1109.2,5313.0,H
472,128,sugarcane,kharif,2024-06-22 00:00:00,2024-12-01 00:00:00,76342.3,338682.8,H
473,53,chickpea,rabi,2024-10-08 00:00:00,2025-01-23 00:00:00,1245.6,4397.2,F
474,75,jowar,rabi,2025-10-03 00:00:00,2026-01-14 00:00:00,2313.9,10910.6,H
475,119,cotton,kharif,2025-07-02 00:00:00,2025-11-21 00:00:00,1760.6,138.2,F
476,187,sugarcane,kharif,2026-07-08 00:00:00,,87245.5,,P
477,94,paddy,kharif,2023-07-07 00:00:00,2023-11-12 00:00:00,4164.8,47502.5,H
478,95,sugarcane,kharif,2024-07-10 00:00:00,2024-11-04 00:00:00,68567.2,167453.9,F
479,442,maize,rabi,2024-11-24 00:00:00,2025-04-22 00:00:00,5646.7,85585.7,H
480,142,cotton,kharif,2023-06-05 00:00:00,2023-11-02 00:00:00,1931.0,34236.1,H
481,336,cotton,kharif,2026-07-04 00:00:00,,2038.6,,P
482,317,groundnut,summer,2026-03-25 00:00:00,2026-06-30 00:00:00,1616.1,16643.5,H
483,215,chickpea,rabi,2025-11-12 00:00:00,2026-03-20 00:00:00,1454.5,2103.7,H
484,248,jowar,rabi,2024-11-23 00:00:00,2025-03-11 00:00:00,2248.6,6120.9,H
485,356,cotton,kharif,2025-06-06 00:00:00,2025-10-22 00:00:00,1935.4,18129.3,H
486,206,onion,rabi,2024-10-01 00:00:00,2025-01-19 00:00:00,16345.1,7820.7,H
487,405,chickpea,rabi,2025-11-10 00:00:00,2026-03-04 00:00:00,1314.5,1571.9,H
488,115,paddy,kharif,2024-06-21 00:00:00,2024-10-18 00:00:00,4757.0,1662.9,H
489,448,paddy,kharif,2024-06-01 00:00:00,2024-10-30 00:00:00,4007.8,21838.5,H
490,43,chickpea,rabi,2026-10-14 00:00:00,,1313.9,,P
491,30,paddy,rabi,2024-11-06 00:00:00,2025-03-02 00:00:00,4794.2,79034.3,H
492,399,onion,kharif,2026-07-21 00:00:00,,17776.1,,P
493,325,onion,kharif,2025-06-11 00:00:00,2025-10-16 00:00:00,14578.8,12077.3,H
494,203,maize,rabi,2024-11-12 00:00:00,,6163.6,,A
495,93,sunflower,rabi,2024-10-19 00:00:00,2025-02-27 00:00:00,1359.6,5085.0,H
496,159,maize,kharif,2025-06-03 00:00:00,2025-09-30 00:00:00,4793.9,87794.5,H
497,207,wheat,rabi,2026-10-20 00:00:00,,2986.4,,P
498,11,wheat,rabi,2026-10-05 00:00:00,,3351.2,,P
499,138,maize,kharif,2023-06-18 00:00:00,2023-11-22 00:00:00,6025.1,24927.4,H
500,72,sunflower,summer,2024-03-11 00:00:00,2024-07-04 00:00:00,1075.6,3441.0,F
501,322,chickpea,rabi,2023-10-04 00:00:00,2024-02-15 00:00:00,1314.6,6514.8,H
502,73,paddy,kharif,2023-06-14 00:00:00,2023-10-26 00:00:00,3755.7,3242.8,H
503,351,jowar,rabi,2025-10-04 00:00:00,2026-01-26 00:00:00,2113.3,30799.8,H
504,316,groundnut,kharif,2024-06-02 00:00:00,2024-10-28 00:00:00,1432.5,1911.0,H
505,93,jowar,rabi,2026-11-20 00:00:00,,2290.8,,P
506,54,sugarcane,kharif,2026-07-09 00:00:00,,87523.4,,P
507,409,wheat,rabi,2024-10-11 00:00:00,2025-01-28 00:00:00,2998.3,39820.2,H
508,245,wheat,rabi,2025-11-24 00:00:00,2026-03-21 00:00:00,2769.5,22159.5,H
509,393,jowar,rabi,2024-11-14 00:00:00,2025-03-24 00:00:00,2539.3,15995.5,H
510,171,maize,kharif,2025-07-18 00:00:00,2025-12-06 00:00:00,5563.9,9877.5,H
511,118,jowar,rabi,2025-11-17 00:00:00,2026-04-02 00:00:00,2599.1,7272.8,H
512,45,cotton,kharif,2023-06-28 00:00:00,2023-10-17 00:00:00,1725.7,2167.1,H
513,57,paddy,rabi,2024-10-10 00:00:00,2025-02-16 00:00:00,3751.6,3035.4,H
514,216,cotton,kharif,2024-06-24 00:00:00,2024-10-20 00:00:00,1593.3,16381.6,H
515,376,paddy,rabi,2024-10-23 00:00:00,,4405.1,,A
516,429,onion,kharif,2023-06-12 00:00:00,,13979.2,,A
517,292,jowar,rabi,2024-11-24 00:00:00,2025-03-12 00:00:00,2578.6,4486.6,H
518,211,groundnut,summer,2026-02-10 00:00:00,2026-05-13 00:00:00,1434.8,4119.0,H
519,385,maize,kharif,2023-07-27 00:00:00,2023-12-11 00:00:00,5796.8,27772.6,H
520,425,sugarcane,kharif,2026-06-14 00:00:00,,72660.8,,P
521,48,chickpea,rabi,2024-10-13 00:00:00,2025-03-01 00:00:00,1213.5,873.9,H
522,287,onion,kharif,2026-07-16 00:00:00,,16733.0,,P
523,208,jowar,rabi,2023-11-21 00:00:00,2024-03-27 00:00:00,2180.2,21059.0,H
524,309,groundnut,kharif,2024-07-06 00:00:00,2024-11-27 00:00:00,1411.1,14581.0,H
525,159,cotton,kharif,2026-06-08 00:00:00,,1575.9,,P
526,292,onion,kharif,2025-07-02 00:00:00,2025-10-23 00:00:00,15110.0,21463.8,H
527,183,sugarcane,kharif,2025-06-11 00:00:00,2025-11-16 00:00:00,75441.0,43048.2,H
528,346,wheat,rabi,2025-10-17 00:00:00,2026-03-15 00:00:00,2774.7,7023.0,H
529,301,paddy,rabi,2024-10-22 00:00:00,2025-02-28 00:00:00,3669.2,8509.3,H
530,119,cotton,kharif,2026-06-17 00:00:00,,2065.8,,P
531,312,chickpea,rabi,2025-10-11 00:00:00,2026-02-06 00:00:00,1341.3,2798.0,H
532,365,jowar,rabi,2024-10-05 00:00:00,2025-02-18 00:00:00,2492.0,28559.9,H
533,74,sugarcane,kharif,2025-06-15 00:00:00,2025-10-23 00:00:00,70271.4,561014.3,H
534,296,groundnut,summer,2023-02-06 00:00:00,2023-05-31 00:00:00,1483.8,525.2,H
535,449,sunflower,rabi,2023-11-02 00:00:00,2024-03-04 00:00:00,1329.2,2121.3,H
536,349,maize,rabi,2024-11-12 00:00:00,2025-02-25 00:00:00,5800.6,38933.6,H
537,449,paddy,kharif,2026-06-23 00:00:00,,4276.6,,P
538,80,wheat,rabi,2025-10-19 00:00:00,2026-02-21 00:00:00,3429.1,15221.7,H
539,343,wheat,rabi,2025-11-21 00:00:00,2026-04-04 00:00:00,3472.1,41255.1,H
540,375,wheat,rabi,2025-10-13 00:00:00,2026-02-11 00:00:00,2695.0,10839.6,H
541,109,sunflower,rabi,2024-11-02 00:00:00,2025-03-16 00:00:00,1076.1,13915.6,H
542,164,onion,kharif,2025-07-02 00:00:00,2025-12-10 00:00:00,15335.2,18279.3,H
543,28,cotton,kharif,2026-07-09 00:00:00,,1873.3,,P
544,43,maize,kharif,2024-07-03 00:00:00,2024-11-09 00:00:00,6116.7,35400.8,H
545,110,sugarcane,kharif,2023-06-14 00:00:00,2023-10-23 00:00:00,88842.8,508811.5,H
546,215,sunflower,summer,2025-02-23 00:00:00,2025-06-15 00:00:00,1147.7,1614.7,H
547,6,chickpea,rabi,2023-10-11 00:00:00,2024-03-01 00:00:00,1604.3,26498.7,H
548,378,groundnut,kharif,2024-07-05 00:00:00,2024-11-23 00:00:00,1774.9,5179.1,H
549,209,sugarcane,kharif,2025-06-21 00:00:00,2025-11-06 00:00:00,81250.6,214773.2,H
550,382,cotton,kharif,2026-06-20 00:00:00,,1646.7,,P
551,108,cotton,kharif,2024-07-01 00:00:00,2024-11-07 00:00:00,2014.2,1068.8,H
552,359,sunflower,summer,2025-03-12 00:00:00,2025-06-27 00:00:00,1318.1,1351.1,H
553,172,wheat,rabi,2025-11-12 00:00:00,2026-03-03 00:00:00,3149.1,3248.5,H
554,146,jowar,rabi,2026-10-03 00:00:00,,2104.5,,P
555,9,onion,rabi,2023-11-24 00:00:00,2024-04-20 00:00:00,16594.4,271630.6,H
556,258,onion,kharif,2026-07-28 00:00:00,,14617.0,,P
557,398,sunflower,summer,2023-02-28 00:00:00,2023-06-23 00:00:00,1362.2,2744.3,H
558,238,jowar,rabi,2023-11-26 00:00:00,2024-03-19 00:00:00,2405.4,12807.6,H
559,158,jowar,rabi,2023-11-02 00:00:00,2024-02-10 00:00:00,2058.9,2697.0,H
560,266,onion,rabi,2024-10-19 00:00:00,2025-02-23 00:00:00,14760.8,88475.1,H
561,330,jowar,rabi,2025-11-05 00:00:00,2026-03-25 00:00:00,2321.1,25881.1,H
562,163,chickpea,rabi,2025-10-04 00:00:00,2026-02-26 00:00:00,1526.5,6997.9,H
563,402,jowar,rabi,2025-10-11 00:00:00,2026-02-01 00:00:00,2107.1,101.4,F
564,395,onion,kharif,2023-06-19 00:00:00,2023-10-31 00:00:00,13721.4,14820.6,H
565,325,groundnut,kharif,2024-06-10 00:00:00,2024-10-10 00:00:00,1617.0,1290.7,H
566,403,jowar,rabi,2026-10-09 00:00:00,,2713.2,,P
567,322,paddy,kharif,2023-07-20 00:00:00,2023-11-14 00:00:00,3704.9,18863.4,H
568,48,wheat,rabi,2024-10-13 00:00:00,2025-01-27 00:00:00,3091.7,122.0,F
569,321,wheat,rabi,2026-11-13 00:00:00,,3224.2,,P
570,231,maize,kharif,2024-06-06 00:00:00,2024-11-05 00:00:00,5611.0,6208.1,H
571,176,groundnut,summer,2025-02-06 00:00:00,2025-06-04 00:00:00,1716.0,21824.0,H
572,16,chickpea,rabi,2025-10-07 00:00:00,2026-02-07 00:00:00,1238.2,4463.3,H
573,113,wheat,rabi,2024-11-16 00:00:00,2025-03-08 00:00:00,3521.5,32969.8,H
574,151,sunflower,summer,2025-03-07 00:00:00,2025-06-16 00:00:00,1082.3,7098.9,H
575,144,jowar,rabi,2025-11-06 00:00:00,2026-04-05 00:00:00,2188.2,3391.7,H
576,229,jowar,rabi,2024-10-20 00:00:00,2025-02-21 00:00:00,2349.1,2641.8,H
577,324,wheat,rabi,2024-10-17 00:00:00,2025-02-10 00:00:00,3180.8,60880.6,H
578,331,chickpea,rabi,2025-10-04 00:00:00,2026-01-23 00:00:00,1529.8,970.8,H
579,126,wheat,rabi,2026-11-12 00:00:00,,3359.9,,P
580,63,paddy,rabi,2026-10-23 00:00:00,,3839.4,,P
581,291,groundnut,kharif,2025-06-13 00:00:00,2025-10-19 00:00:00,1648.9,2141.3,H
582,143,onion,kharif,2025-07-22 00:00:00,2025-12-27 00:00:00,15689.0,10429.6,H
583,26,sunflower,summer,2023-03-14 00:00:00,2023-06-14 00:00:00,1064.7,4980.5,H
584,197,cotton,kharif,2024-06-21 00:00:00,2024-11-28 00:00:00,1992.3,43417.2,H
585,146,maize,rabi,2023-10-11 00:00:00,2024-02-29 00:00:00,4701.8,6461.5,H
586,213,sugarcane,kharif,2024-07-13 00:00:00,2024-11-05 00:00:00,79320.9,69134.3,H
587,202,sugarcane,kharif,2025-06-27 00:00:00,2025-11-07 00:00:00,88242.3,59683.4,H
588,423,paddy,kharif,2023-07-28 00:00:00,2023-12-29 00:00:00,4482.6,52622.8,H
589,371,groundnut,kharif,2026-06-09 00:00:00,,1380.7,,P
590,25,sugarcane,kharif,2024-07-23 00:00:00,2024-12-19 00:00:00,84824.1,1074575.1,H
591,71,onion,rabi,2023-10-11 00:00:00,2024-01-28 00:00:00,17214.6,178200.9,H
592,212,sunflower,rabi,2025-10-19 00:00:00,2026-02-26 00:00:00,1258.1,1155.3,H
593,375,sunflower,rabi,2023-11-25 00:00:00,2024-03-22 00:00:00,1276.1,5760.4,H
594,125,cotton,kharif,2023-07-02 00:00:00,2023-11-02 00:00:00,1537.1,1123.0,H
595,97,sunflower,rabi,2024-10-27 00:00:00,2025-03-13 00:00:00,1294.2,1692.0,H
596,160,sunflower,rabi,2025-10-05 00:00:00,2026-01-27 00:00:00,1350.0,22916.8,H
597,318,chickpea,rabi,2025-10-03 00:00:00,2026-01-28 00:00:00,1367.7,26439.4,H
598,296,wheat,rabi,2025-10-24 00:00:00,2026-02-08 00:00:00,2858.7,966.6,H
599,15,sunflower,summer,2024-03-04 00:00:00,2024-07-02 00:00:00,1050.3,11573.8,H
600,258,jowar,rabi,2023-11-09 00:00:00,2024-03-11 00:00:00,2110.4,1406.9,H
601,217,cotton,kharif,2024-07-06 00:00:00,2024-12-01 00:00:00,1679.0,1153.6,H
602,56,paddy,kharif,2023-06-04 00:00:00,2023-09-25 00:00:00,4697.8,5013.2,H
603,273,wheat,rabi,2024-11-13 00:00:00,2025-03-18 00:00:00,2729.2,12542.1,H
604,138,sunflower,rabi,2024-10-12 00:00:00,2025-03-01 00:00:00,1123.7,6850.0,H
605,49,maize,rabi,2026-11-28 00:00:00,,5068.7,,P
606,162,wheat,rabi,2024-11-15 00:00:00,2025-03-04 00:00:00,3529.9,1693.7,H
607,11,maize,rabi,2023-10-22 00:00:00,2024-03-18 00:00:00,6082.6,14288.5,H
608,299,paddy,rabi,2024-11-04 00:00:00,2025-02-14 00:00:00,4601.8,97368.9,H
609,428,cotton,kharif,2024-06-04 00:00:00,2024-10-11 00:00:00,1964.1,2129.7,H
610,180,chickpea,rabi,2026-11-09 00:00:00,,1382.7,,P
611,424,groundnut,summer,2026-03-17 00:00:00,2026-07-10 00:00:00,1414.1,4178.4,H
612,11,maize,rabi,2024-10-12 00:00:00,2025-02-20 00:00:00,4726.0,9754.2,H
613,221,groundnut,kharif,2026-06-07 00:00:00,,1666.6,,P
614,141,chickpea,rabi,2025-10-09 00:00:00,2026-03-01 00:00:00,1336.5,2441.6,H
615,142,sugarcane,kharif,2023-07-27 00:00:00,2023-12-23 00:00:00,69177.3,1213457.5,H
616,406,groundnut,summer,2023-02-16 00:00:00,2023-05-21 00:00:00,1583.8,5533.6,H
617,320,chickpea,rabi,2024-11-10 00:00:00,2025-02-22 00:00:00,1525.9,1413.6,F
618,145,onion,kharif,2023-07-10 00:00:00,2023-10-28 00:00:00,15665.5,68950.1,H
619,129,maize,rabi,2024-10-03 00:00:00,2025-02-25 00:00:00,5121.6,76064.4,H
620,300,wheat,rabi,2024-10-16 00:00:00,2025-02-15 00:00:00,2866.3,31399.3,H
621,205,wheat,rabi,2024-11-06 00:00:00,2025-03-22 00:00:00,3040.3,1601.3,H
622,72,cotton,kharif,2024-07-18 00:00:00,,1692.6,,A
623,291,sunflower,rabi,2025-11-04 00:00:00,2026-02-20 00:00:00,1209.6,2024.3,H
624,351,groundnut,summer,2024-03-15 00:00:00,2024-07-04 00:00:00,1821.5,35518.4,H
625,14,jowar,rabi,2024-11-26 00:00:00,2025-03-21 00:00:00,2457.8,35400.3,H
626,290,sugarcane,kharif,2025-06-13 00:00:00,2025-11-12 00:00:00,66439.3,45017.4,H
627,236,paddy,kharif,2023-07-27 00:00:00,2023-12-25 00:00:00,3704.9,78099.0,H
628,290,sunflower,summer,2023-02-24 00:00:00,2023-06-21 00:00:00,1286.2,65.6,F
629,74,chickpea,rabi,2024-10-22 00:00:00,2025-03-11 00:00:00,1547.9,14573.3,H
630,4,sunflower,rabi,2023-10-01 00:00:00,2024-01-18 00:00:00,1237.4,1916.1,H
631,105,wheat,rabi,2023-11-13 00:00:00,2024-02-24 00:00:00,3496.2,5889.4,H
632,95,cotton,kharif,2025-07-28 00:00:00,2025-12-27 00:00:00,1863.3,30542.5,H
633,95,maize,kharif,2024-06-16 00:00:00,2024-11-03 00:00:00,5153.6,98668.2,H
634,253,groundnut,summer,2025-03-23 00:00:00,2025-06-22 00:00:00,1582.7,11107.4,H
635,146,sunflower,rabi,2025-11-01 00:00:00,2026-03-18 00:00:00,1129.0,1598.0,H
636,318,sunflower,rabi,2024-10-15 00:00:00,2025-03-10 00:00:00,1185.0,1493.2,F
637,257,chickpea,rabi,2024-11-17 00:00:00,2025-03-01 00:00:00,1263.3,2005.5,H
638,289,groundnut,summer,2026-02-09 00:00:00,,1803.3,,A
639,430,sunflower,summer,2025-02-19 00:00:00,2025-06-16 00:00:00,1299.1,15473.5,H
640,166,onion,rabi,2025-11-03 00:00:00,2026-02-13 00:00:00,13741.7,185782.2,H
641,341,wheat,rabi,2026-11-11 00:00:00,,2850.3,,P
642,396,cotton,kharif,2024-07-25 00:00:00,,2028.1,,A
643,129,wheat,rabi,2026-10-15 00:00:00,,2983.1,,P
644,324,paddy,kharif,2024-06-23 00:00:00,2024-11-08 00:00:00,4045.8,68165.7,H
645,103,cotton,kharif,2025-07-22 00:00:00,2025-11-27 00:00:00,1651.8,1399.9,H
646,271,cotton,kharif,2025-06-21 00:00:00,2025-11-20 00:00:00,1582.0,149.5,F
647,3,groundnut,summer,2025-02-11 00:00:00,2025-05-18 00:00:00,1687.5,5804.8,H
648,271,sunflower,rabi,2024-11-17 00:00:00,2025-03-19 00:00:00,1148.3,1664.4,H
649,411,wheat,rabi,2025-11-28 00:00:00,2026-03-12 00:00:00,3164.3,13450.4,H
650,52,wheat,rabi,2024-10-20 00:00:00,2025-03-03 00:00:00,2942.8,22527.2,H
651,425,sugarcane,kharif,2026-07-03 00:00:00,,86692.5,,P
652,148,wheat,rabi,2025-11-13 00:00:00,2026-04-01 00:00:00,2687.7,2900.8,H
653,242,sugarcane,kharif,2023-07-14 00:00:00,2023-11-17 00:00:00,70992.0,293579.9,H
654,105,chickpea,rabi,2026-10-08 00:00:00,,1220.6,,P
655,289,onion,kharif,2024-06-14 00:00:00,2024-11-09 00:00:00,17148.6,41113.9,H
656,246,maize,rabi,2026-10-04 00:00:00,,5494.4,,P
657,116,groundnut,summer,2025-03-26 00:00:00,2025-07-03 00:00:00,1370.3,793.9,F
658,416,cotton,kharif,2026-06-18 00:00:00,,1558.2,,P
659,393,jowar,rabi,2025-11-18 00:00:00,2026-03-06 00:00:00,2123.2,12230.4,H
660,189,groundnut,kharif,2024-07-02 00:00:00,2024-11-04 00:00:00,1471.4,1034.6,H
661,383,chickpea,rabi,2023-10-27 00:00:00,2024-02-07 00:00:00,1222.2,441.6,H
662,23,groundnut,summer,2025-02-10 00:00:00,2025-05-14 00:00:00,1650.9,15165.8,H
663,40,wheat,rabi,2025-10-16 00:00:00,2026-03-10 00:00:00,3318.8,56732.1,H
664,113,sunflower,summer,2024-03-28 00:00:00,2024-07-06 00:00:00,1209.7,12227.5,H
665,258,wheat,rabi,2024-11-23 00:00:00,,3087.2,,A
666,71,chickpea,rabi,2024-10-04 00:00:00,2025-02-04 00:00:00,1494.5,9080.7,H
667,121,sunflower,summer,2023-02-16 00:00:00,2023-05-14 00:00:00,1117.3,2441.4,H
668,44,paddy,rabi,2025-11-16 00:00:00,2026-02-25 00:00:00,4657.1,34169.1,H
669,106,jowar,rabi,2026-11-18 00:00:00,,2515.5,,P
670,17,chickpea,rabi,2023-11-27 00:00:00,2024-03-22 00:00:00,1530.3,2626.1,H
671,175,onion,rabi,2025-10-26 00:00:00,2026-02-09 00:00:00,16255.8,216465.8,H
672,148,chickpea,rabi,2025-11-06 00:00:00,2026-03-10 00:00:00,1386.3,1632.6,H
673,8,sugarcane,kharif,2023-06-25 00:00:00,2023-11-16 00:00:00,73222.3,62448.5,H
674,141,groundnut,summer,2026-03-26 00:00:00,2026-06-19 00:00:00,1419.7,2222.6,H
675,136,maize,rabi,2025-10-15 00:00:00,2026-01-23 00:00:00,5444.6,21321.6,H
676,433,chickpea,rabi,2025-10-19 00:00:00,2026-02-01 00:00:00,1306.1,15667.3,H
677,33,sunflower,rabi,2024-11-09 00:00:00,2025-03-20 00:00:00,1065.8,495.9,H
678,317,paddy,kharif,2023-06-06 00:00:00,2023-11-06 00:00:00,4208.5,49151.8,H
679,284,cotton,kharif,2026-07-09 00:00:00,,1896.3,,P
680,440,groundnut,kharif,2025-06-12 00:00:00,2025-10-06 00:00:00,1397.2,1743.2,H
681,122,cotton,kharif,2025-07-27 00:00:00,,1897.7,,A
682,219,sugarcane,kharif,2023-07-20 00:00:00,2023-12-27 00:00:00,74730.7,301492.1,H
683,192,sunflower,summer,2025-02-06 00:00:00,2025-05-25 00:00:00,1036.1,3430.0,H
684,14,wheat,rabi,2024-11-07 00:00:00,2025-03-11 00:00:00,3407.6,8975.4,F
685,196,wheat,rabi,2024-11-18 00:00:00,2025-04-13 00:00:00,2747.8,16354.0,H
686,311,sunflower,summer,2024-03-07 00:00:00,2024-06-18 00:00:00,1348.0,26186.6,H
687,186,cotton,kharif,2024-06-23 00:00:00,2024-10-26 00:00:00,1770.3,20155.2,H
688,41,groundnut,kharif,2024-07-20 00:00:00,2024-11-21 00:00:00,1575.5,1358.4,H
689,424,maize,kharif,2025-06-20 00:00:00,2025-10-24 00:00:00,5988.2,12332.6,H
690,210,jowar,rabi,2025-11-21 00:00:00,2026-04-19 00:00:00,2182.6,1850.0,H
691,86,wheat,rabi,2024-11-24 00:00:00,2025-03-10 00:00:00,2752.6,570.2,F
692,354,maize,kharif,2024-07-14 00:00:00,2024-11-23 00:00:00,4885.3,51012.5,H
693,151,wheat,rabi,2024-10-24 00:00:00,2025-02-03 00:00:00,2703.6,18244.0,H
694,210,sunflower,summer,2024-03-23 00:00:00,2024-06-24 00:00:00,1284.0,1173.1,H
695,420,chickpea,rabi,2024-10-19 00:00:00,2025-03-05 00:00:00,1345.3,7514.0,H
696,225,maize,rabi,2023-10-10 00:00:00,2024-02-18 00:00:00,5237.8,63071.1,H
697,297,chickpea,rabi,2024-11-13 00:00:00,2025-03-13 00:00:00,1508.1,10775.2,H
698,377,cotton,kharif,2025-07-19 00:00:00,2025-12-15 00:00:00,1699.8,3730.0,H
699,148,sugarcane,kharif,2025-06-06 00:00:00,2025-10-12 00:00:00,88277.4,129065.8,H
700,55,cotton,kharif,2024-06-07 00:00:00,2024-10-30 00:00:00,1982.9,2712.0,H
701,21,chickpea,rabi,2023-11-27 00:00:00,2024-03-07 00:00:00,1345.2,4442.0,H
702,219,sunflower,rabi,2025-11-04 00:00:00,2026-03-29 00:00:00,1274.3,4074.3,H
703,222,sunflower,summer,2023-02-09 00:00:00,2023-05-12 00:00:00,1368.6,16865.1,H
704,114,wheat,rabi,2024-11-09 00:00:00,2025-03-18 00:00:00,3221.5,43018.2,H
705,362,groundnut,kharif,2025-06-23 00:00:00,2025-11-30 00:00:00,1610.2,1380.0,H
706,429,paddy,kharif,2024-06-19 00:00:00,2024-10-31 00:00:00,4668.9,30172.4,H
707,241,maize,rabi,2024-11-10 00:00:00,2025-02-26 00:00:00,5002.6,92104.1,H
708,439,cotton,kharif,2025-06-16 00:00:00,2025-11-08 00:00:00,1860.1,24710.5,H
709,353,sugarcane,kharif,2026-06-21 00:00:00,,77631.1,,P
710,337,maize,rabi,2024-11-22 00:00:00,2025-04-02 00:00:00,5483.9,53042.7,H
711,279,sunflower,summer,2023-02-04 00:00:00,2023-05-18 00:00:00,1171.1,5751.1,H
712,218,wheat,rabi,2025-11-22 00:00:00,2026-03-09 00:00:00,2958.2,31687.9,H
713,248,sunflower,summer,2026-02-01 00:00:00,2026-05-15 00:00:00,1116.5,4822.8,H
714,210,paddy,rabi,2024-11-14 00:00:00,2025-03-19 00:00:00,4589.4,3457.7,H
715,28,sugarcane,kharif,2026-06-11 00:00:00,,85453.5,,P
716,158,sunflower,summer,2024-02-18 00:00:00,2024-05-26 00:00:00,1300.6,1805.8,H
717,313,groundnut,kharif,2025-06-24 00:00:00,,1745.2,,A
718,361,groundnut,summer,2025-02-21 00:00:00,2025-05-20 00:00:00,1609.0,3075.7,H
719,81,chickpea,rabi,2026-10-10 00:00:00,,1572.5,,P
720,170,jowar,rabi,2025-10-01 00:00:00,2026-01-11 00:00:00,2648.7,13924.3,H
721,257,jowar,rabi,2023-10-10 00:00:00,2024-02-06 00:00:00,2057.5,3320.3,H
722,18,sugarcane,kharif,2025-07-05 00:00:00,2025-12-14 00:00:00,83628.3,625844.5,H
723,38,chickpea,rabi,2023-10-24 00:00:00,2024-03-06 00:00:00,1444.0,9367.0,H
724,406,jowar,rabi,2025-11-26 00:00:00,2026-03-26 00:00:00,2346.1,5778.7,H
725,235,cotton,kharif,2024-07-13 00:00:00,2024-11-18 00:00:00,1761.9,26828.5,H
726,143,sunflower,summer,2026-02-13 00:00:00,2026-05-10 00:00:00,1377.5,1380.6,H
727,391,chickpea,rabi,2025-10-19 00:00:00,2026-01-28 00:00:00,1356.9,880.6,H
728,289,wheat,rabi,2024-10-26 00:00:00,,3542.5,,A
729,87,cotton,kharif,2025-06-03 00:00:00,2025-09-30 00:00:00,1747.7,5329.5,H
730,430,onion,kharif,2023-07-09 00:00:00,2023-11-22 00:00:00,15095.0,182487.5,H
731,165,onion,rabi,2023-11-23 00:00:00,2024-03-15 00:00:00,17224.2,287745.4,H
732,161,cotton,kharif,2025-07-17 00:00:00,2025-12-09 00:00:00,1993.7,2442.2,H
733,54,jowar,rabi,2025-10-25 00:00:00,2026-02-02 00:00:00,2156.7,10223.2,H
734,225,wheat,rabi,2025-11-06 00:00:00,2026-03-26 00:00:00,3381.9,37956.6,H
735,281,jowar,rabi,2023-11-04 00:00:00,2024-03-10 00:00:00,2756.9,16519.0,H
736,139,chickpea,rabi,2025-11-19 00:00:00,2026-04-09 00:00:00,1259.7,7368.2,H
737,412,onion,rabi,2025-11-16 00:00:00,2026-03-25 00:00:00,14611.0,8481.3,H
738,437,maize,kharif,2025-07-01 00:00:00,2025-11-08 00:00:00,5361.9,18197.3,H
739,3,sugarcane,kharif,2024-06-18 00:00:00,,74046.2,,A
740,240,onion,kharif,2023-07-21 00:00:00,2023-12-13 00:00:00,17840.0,74799.1,H
741,99,sugarcane,kharif,2025-07-12 00:00:00,2025-12-08 00:00:00,84247.5,220440.7,H
742,329,cotton,kharif,2025-06-04 00:00:00,2025-11-07 00:00:00,1646.9,9108.0,H
743,65,chickpea,rabi,2024-11-26 00:00:00,2025-04-22 00:00:00,1556.0,11266.3,H
744,87,paddy,kharif,2024-06-26 00:00:00,2024-11-22 00:00:00,3754.6,13672.2,H
745,166,wheat,rabi,2024-11-14 00:00:00,2025-04-05 00:00:00,3073.7,56023.0,H
746,124,chickpea,rabi,2025-11-23 00:00:00,2026-04-02 00:00:00,1339.1,9891.2,H
747,41,onion,kharif,2024-07-23 00:00:00,2024-11-19 00:00:00,17631.4,14552.9,H
748,404,sugarcane,kharif,2025-07-21 00:00:00,2025-11-30 00:00:00,70465.5,1490381.3,H
749,395,groundnut,summer,2024-02-13 00:00:00,2024-05-31 00:00:00,1445.9,892.2,H
750,227,groundnut,kharif,2023-07-11 00:00:00,2023-11-04 00:00:00,1797.3,19513.2,H
751,7,onion,rabi,2023-11-21 00:00:00,2024-03-30 00:00:00,15511.8,89369.5,H
752,141,paddy,kharif,2026-07-20 00:00:00,,4142.6,,P
753,89,sunflower,rabi,2023-11-01 00:00:00,2024-03-19 00:00:00,1341.9,1944.8,H
754,446,maize,kharif,2025-06-02 00:00:00,,5726.8,,A
755,50,chickpea,rabi,2024-10-11 00:00:00,2025-03-03 00:00:00,1546.3,6253.7,H
756,301,groundnut,kharif,2026-07-14 00:00:00,,1680.5,,P
757,32,wheat,rabi,2025-10-24 00:00:00,2026-02-18 00:00:00,2713.1,25048.8,H
758,102,chickpea,rabi,2024-10-10 00:00:00,2025-02-04 00:00:00,1425.4,937.0,H
759,429,wheat,rabi,2023-10-03 00:00:00,2024-01-22 00:00:00,3313.5,27129.7,H
760,11,maize,kharif,2024-07-15 00:00:00,2024-11-07 00:00:00,6122.4,10161.9,H
761,349,cotton,kharif,2024-06-13 00:00:00,2024-11-15 00:00:00,1685.0,13516.9,H
762,212,cotton,kharif,2024-06-06 00:00:00,2024-10-12 00:00:00,1670.1,1314.7,H
763,182,onion,rabi,2024-11-27 00:00:00,2025-04-16 00:00:00,16897.8,290640.5,H
764,300,jowar,rabi,2025-10-23 00:00:00,2026-02-27 00:00:00,2289.8,31235.6,H
765,107,groundnut,summer,2023-02-09 00:00:00,2023-05-18 00:00:00,1584.5,1201.6,F
766,338,maize,rabi,2024-11-19 00:00:00,2025-03-19 00:00:00,5289.3,46795.9,H
767,18,groundnut,kharif,2026-07-28 00:00:00,,1436.2,,P
768,244,groundnut,summer,2026-02-06 00:00:00,2026-05-24 00:00:00,1507.0,17601.2,H
769,12,sunflower,summer,2025-03-24 00:00:00,2025-07-12 00:00:00,1190.5,4527.2,H
770,308,groundnut,summer,2026-03-10 00:00:00,2026-06-05 00:00:00,1826.0,1236.1,H
771,260,wheat,rabi,2025-11-19 00:00:00,2026-03-24 00:00:00,3186.6,3886.9,H
772,154,onion,kharif,2025-06-05 00:00:00,2025-11-04 00:00:00,15199.1,33412.0,H
773,159,maize,rabi,2025-11-06 00:00:00,2026-03-15 00:00:00,4676.4,84621.2,H
774,155,sugarcane,kharif,2024-06-28 00:00:00,2024-10-29 00:00:00,76515.2,176449.2,H
775,285,groundnut,kharif,2025-06-12 00:00:00,2025-10-06 00:00:00,1586.0,2714.3,H
776,242,jowar,rabi,2026-10-25 00:00:00,,2319.1,,P
777,163,maize,rabi,2024-11-27 00:00:00,2025-04-19 00:00:00,5880.1,23615.5,H
778,37,groundnut,summer,2026-02-08 00:00:00,2026-05-15 00:00:00,1728.6,5019.7,H
779,422,paddy,rabi,2023-10-05 00:00:00,2024-02-13 00:00:00,3806.8,1467.6,H
780,174,jowar,rabi,2025-10-10 00:00:00,2026-02-06 00:00:00,2318.5,2434.6,H
781,216,maize,kharif,2025-06-15 00:00:00,2025-11-23 00:00:00,4811.4,48026.0,H
782,442,jowar,rabi,2024-11-05 00:00:00,2025-03-21 00:00:00,2405.0,31030.4,H
783,335,jowar,rabi,2023-11-14 00:00:00,2024-03-09 00:00:00,2574.3,53190.7,H
784,231,chickpea,rabi,2025-11-28 00:00:00,2026-04-11 00:00:00,1598.1,1966.0,H
785,218,chickpea,rabi,2026-10-05 00:00:00,,1331.6,,P
786,363,onion,rabi,2024-11-14 00:00:00,2025-02-25 00:00:00,15830.9,6371.0,F
787,236,groundnut,kharif,2025-07-09 00:00:00,2025-11-23 00:00:00,1522.0,32041.5,H
788,278,sugarcane,kharif,2024-07-14 00:00:00,2024-11-02 00:00:00,76754.4,436745.8,H
789,58,groundnut,kharif,2025-07-08 00:00:00,,1400.3,,A
790,373,maize,rabi,2025-11-12 00:00:00,2026-03-21 00:00:00,5811.8,93245.0,H
791,428,chickpea,rabi,2023-10-11 00:00:00,2024-02-11 00:00:00,1206.1,1479.4,H
792,416,wheat,rabi,2025-10-11 00:00:00,2026-02-28 00:00:00,3331.8,3831.8,H
793,383,sugarcane,kharif,2025-06-26 00:00:00,2025-10-26 00:00:00,79658.9,37318.5,H
794,277,cotton,kharif,2024-07-07 00:00:00,2024-12-12 00:00:00,2035.2,7584.0,H
795,96,sugarcane,kharif,2025-07-06 00:00:00,2025-12-06 00:00:00,72967.0,58306.1,F
796,401,jowar,rabi,2024-11-15 00:00:00,2025-04-02 00:00:00,2609.0,33639.9,H
797,116,paddy,rabi,2024-10-20 00:00:00,2025-02-15 00:00:00,4487.5,12419.7,H
798,216,onion,rabi,2025-11-16 00:00:00,2026-03-31 00:00:00,13660.3,160432.7,H
799,228,maize,rabi,2026-11-07 00:00:00,,5826.2,,P
800,345,jowar,rabi,2025-10-22 00:00:00,2026-03-07 00:00:00,2736.8,10445.6,H
801,177,wheat,rabi,2026-11-10 00:00:00,,3333.3,,P
802,232,sunflower,rabi,2024-10-20 00:00:00,2025-02-19 00:00:00,1223.4,2079.3,H
803,385,sugarcane,kharif,2024-07-18 00:00:00,2024-11-13 00:00:00,75155.2,275787.9,H
804,203,cotton,kharif,2023-07-06 00:00:00,2023-12-18 00:00:00,1615.9,4880.9,H
805,206,chickpea,rabi,2024-10-14 00:00:00,2025-03-01 00:00:00,1307.1,925.6,H
806,341,groundnut,summer,2024-03-16 00:00:00,2024-07-08 00:00:00,1497.4,4984.2,H
807,448,maize,rabi,2024-10-18 00:00:00,2025-02-16 00:00:00,5933.8,38473.2,H
808,51,jowar,rabi,2025-11-07 00:00:00,2026-03-27 00:00:00,2060.9,12556.3,H
809,258,wheat,rabi,2023-11-20 00:00:00,2024-03-14 00:00:00,2789.8,1815.9,H
810,190,paddy,rabi,2025-10-28 00:00:00,2026-02-15 00:00:00,4146.8,5772.5,H
811,242,cotton,kharif,2024-07-03 00:00:00,2024-10-22 00:00:00,1641.8,7726.6,H
812,309,sunflower,rabi,2024-11-17 00:00:00,2025-04-07 00:00:00,1060.0,13658.5,H
813,82,cotton,kharif,2026-06-01 00:00:00,,1547.5,,P
814,347,jowar,rabi,2025-10-26 00:00:00,2026-03-01 00:00:00,2729.5,45309.7,H
815,367,onion,kharif,2025-07-27 00:00:00,2025-12-30 00:00:00,13887.0,68391.1,H
816,372,paddy,rabi,2025-11-14 00:00:00,2026-04-13 00:00:00,3726.3,3263.0,H
817,423,onion,kharif,2026-06-12 00:00:00,,16751.4,,P
818,73,cotton,kharif,2024-07-04 00:00:00,,1876.7,,A
819,364,sunflower,rabi,2024-11-10 00:00:00,2025-04-03 00:00:00,1180.1,3030.7,H
820,291,sugarcane,kharif,2024-06-17 00:00:00,2024-10-23 00:00:00,66907.0,115710.4,H
821,366,sugarcane,kharif,2026-06-19 00:00:00,,73430.9,,P
822,366,sunflower,summer,2024-02-05 00:00:00,2024-05-18 00:00:00,1329.3,9769.0,H
823,436,cotton,kharif,2024-06-09 00:00:00,2024-10-20 00:00:00,1919.4,21583.4,H
824,208,sunflower,rabi,2024-10-19 00:00:00,2025-02-28 00:00:00,1133.1,17266.8,H
825,249,maize,rabi,2024-11-13 00:00:00,,5778.4,,A
826,116,sugarcane,kharif,2024-06-09 00:00:00,2024-11-04 00:00:00,84505.5,259238.8,H
827,183,sunflower,summer,2025-02-27 00:00:00,2025-06-25 00:00:00,1343.3,893.3,H
828,17,jowar,rabi,2024-10-09 00:00:00,2025-02-21 00:00:00,2732.4,4185.2,H
829,41,paddy,rabi,2025-10-08 00:00:00,2026-02-01 00:00:00,4574.6,4724.7,H
830,440,cotton,kharif,2026-07-06 00:00:00,,2058.9,,P
831,137,chickpea,rabi,2023-10-24 00:00:00,2024-02-05 00:00:00,1570.6,6985.6,H
832,107,cotton,kharif,2025-07-15 00:00:00,2025-11-08 00:00:00,1819.9,16974.3,H
833,325,wheat,rabi,2025-10-15 00:00:00,,3077.7,,A
834,302,cotton,kharif,2024-06-19 00:00:00,2024-11-03 00:00:00,1995.0,7595.9,H
835,399,cotton,kharif,2023-07-25 00:00:00,2023-12-08 00:00:00,1854.7,23160.7,H
836,260,sunflower,summer,2026-03-09 00:00:00,2026-07-06 00:00:00,1109.6,1721.5,H
837,159,sunflower,rabi,2024-11-01 00:00:00,2025-03-01 00:00:00,1341.6,19942.7,H
838,92,wheat,rabi,2026-11-04 00:00:00,,2953.5,,P
839,352,chickpea,rabi,2024-10-25 00:00:00,2025-02-16 00:00:00,1279.6,9596.2,H
840,272,sunflower,rabi,2026-11-20 00:00:00,,1225.6,,P
841,80,groundnut,kharif,2024-07-26 00:00:00,2024-11-23 00:00:00,1769.1,5246.0,H
842,265,sunflower,summer,2026-03-08 00:00:00,2026-06-17 00:00:00,1189.9,16976.4,H
843,75,sugarcane,kharif,2026-07-27 00:00:00,,73679.1,,P
844,158,jowar,rabi,2025-10-25 00:00:00,2026-02-27 00:00:00,2079.8,2474.6,H
845,72,sunflower,summer,2023-02-07 00:00:00,2023-05-19 00:00:00,1126.1,17213.5,H
846,405,jowar,rabi,2025-10-26 00:00:00,2026-02-16 00:00:00,2484.6,3298.5,H
847,39,cotton,kharif,2024-07-24 00:00:00,2024-12-18 00:00:00,1783.7,1343.5,H
848,338,jowar,rabi,2024-11-20 00:00:00,2025-04-06 00:00:00,2310.0,20996.0,H
849,142,chickpea,rabi,2025-11-04 00:00:00,2026-03-14 00:00:00,1246.4,19005.8,H
850,397,jowar,rabi,2024-11-19 00:00:00,2025-03-11 00:00:00,2444.5,11265.0,H
851,280,sugarcane,kharif,2026-06-05 00:00:00,,84315.8,,P
852,446,groundnut,summer,2025-02-06 00:00:00,2025-05-22 00:00:00,1584.8,3045.6,H
853,347,sugarcane,kharif,2025-06-05 00:00:00,2025-09-30 00:00:00,81328.4,1549054.2,H
854,409,paddy,kharif,2025-07-01 00:00:00,2025-11-24 00:00:00,4120.9,7117.4,F
855,409,groundnut,summer,2024-03-21 00:00:00,2024-06-18 00:00:00,1712.5,24815.4,H
856,400,wheat,rabi,2025-10-19 00:00:00,2026-02-25 00:00:00,3202.3,3288.6,H
857,393,jowar,rabi,2025-11-24 00:00:00,,2508.3,,A
858,332,onion,rabi,2025-11-01 00:00:00,2026-03-06 00:00:00,16358.7,16368.4,F
859,10,paddy,kharif,2024-07-05 00:00:00,2024-11-08 00:00:00,4648.0,54144.8,H
860,273,sunflower,rabi,2025-11-23 00:00:00,2026-04-08 00:00:00,1074.9,3403.5,H
861,93,wheat,rabi,2025-10-25 00:00:00,2026-02-10 00:00:00,3137.3,12073.6,H
862,162,cotton,kharif,2024-07-06 00:00:00,2024-11-20 00:00:00,2065.1,1275.3,H
863,396,groundnut,kharif,2024-07-04 00:00:00,2024-12-14 00:00:00,1815.0,1318.4,F
864,438,cotton,kharif,2023-07-15 00:00:00,2023-11-27 00:00:00,1637.3,1978.0,H
865,64,wheat,rabi,2025-10-06 00:00:00,2026-03-03 00:00:00,2830.0,4078.4,H
866,184,groundnut,summer,2024-02-03 00:00:00,2024-05-30 00:00:00,1532.7,13436.3,H
867,234,paddy,kharif,2025-07-13 00:00:00,2025-12-24 00:00:00,3696.1,31805.9,H
868,34,jowar,rabi,2024-10-21 00:00:00,2025-03-11 00:00:00,2623.3,30937.1,H
869,141,groundnut,kharif,2024-06-06 00:00:00,2024-10-30 00:00:00,1364.5,1895.9,H
870,241,paddy,kharif,2025-06-28 00:00:00,2025-12-02 00:00:00,4402.8,61636.0,H
871,81,jowar,rabi,2024-10-24 00:00:00,2025-03-15 00:00:00,2170.8,7835.3,H
872,84,paddy,rabi,2024-11-13 00:00:00,2025-04-02 00:00:00,4040.2,45232.0,H
873,15,paddy,rabi,2023-11-02 00:00:00,2024-03-28 00:00:00,4668.8,47718.6,H
874,194,onion,kharif,2024-06-01 00:00:00,,17906.5,,A
875,34,wheat,rabi,2025-11-28 00:00:00,2026-04-11 00:00:00,3044.6,57797.6,H
876,1,sugarcane,kharif,2025-07-05 00:00:00,2025-11-12 00:00:00,81659.2,129413.2,H
877,367,wheat,rabi,2025-10-05 00:00:00,2026-01-27 00:00:00,3113.7,10360.5,H
878,338,wheat,rabi,2026-11-10 00:00:00,,2732.9,,P
879,116,sugarcane,kharif,2026-07-11 00:00:00,,89090.6,,P
880,343,onion,rabi,2024-11-14 00:00:00,2025-03-17 00:00:00,16773.8,322648.0,H
881,18,jowar,rabi,2024-10-01 00:00:00,2025-01-18 00:00:00,2496.9,20770.6,H
882,204,groundnut,kharif,2025-07-16 00:00:00,2025-12-27 00:00:00,1525.1,2981.1,H
883,296,jowar,rabi,2024-11-20 00:00:00,2025-03-16 00:00:00,2433.0,874.2,H
884,394,chickpea,rabi,2024-10-09 00:00:00,2025-02-07 00:00:00,1528.9,2199.1,H
885,340,wheat,rabi,2025-11-03 00:00:00,2026-04-02 00:00:00,2974.8,64670.7,H
886,65,wheat,rabi,2025-10-04 00:00:00,2026-02-16 00:00:00,3297.8,22170.5,H
887,232,jowar,rabi,2025-10-13 00:00:00,2026-02-22 00:00:00,2180.3,2724.2,H
888,9,cotton,kharif,2025-06-19 00:00:00,2025-12-01 00:00:00,1816.5,4333.2,F
889,277,cotton,kharif,2024-06-04 00:00:00,2024-11-04 00:00:00,1619.4,5818.6,H
890,432,maize,rabi,2024-11-02 00:00:00,2025-03-07 00:00:00,5164.2,3525.8,H
891,244,sunflower,summer,2024-03-01 00:00:00,2024-05-29 00:00:00,1110.5,14075.6,H
892,376,onion,kharif,2023-07-05 00:00:00,2023-11-01 00:00:00,15908.5,149851.4,H
893,125,jowar,rabi,2026-11-13 00:00:00,,2179.2,,P
894,428,groundnut,kharif,2024-07-05 00:00:00,2024-11-17 00:00:00,1419.3,1932.0,H
895,78,cotton,kharif,2024-07-25 00:00:00,2024-12-02 00:00:00,1535.8,9860.9,H
896,53,onion,rabi,2024-11-10 00:00:00,2025-02-25 00:00:00,16198.0,185794.6,H
897,387,groundnut,summer,2023-03-27 00:00:00,2023-07-06 00:00:00,1414.2,18192.8,H
898,449,sunflower,summer,2024-02-03 00:00:00,2024-05-21 00:00:00,1106.9,1467.7,H
899,360,jowar,rabi,2023-10-28 00:00:00,2024-03-25 00:00:00,2241.7,2411.2,H
900,129,chickpea,rabi,2025-11-12 00:00:00,2026-02-25 00:00:00,1195.4,21212.6,H
